,Total Load Interpolated
0,7097.21
1,7045.48
2,7044.61
3,7014.25
4,6947.18
5,6923.47
6,6896.93
7,6836.91
8,6871.53
9,6842.86
10,6847.93
11,6858.98
12,6953.76
13,7016.03
14,7050.98
15,7119.07
16,7303.65
17,7423.84
18,7551.22
19,7673.91
20,7824.6
21,7948.78
22,8057.12
23,8185.66
24,8381.4
25,8466.78
26,8593.06
27,8620.4
28,8674.42
29,8704.44
30,8847.88
31,9146.83
32,9384.04
33,9453.45
34,9488.15
35,9470.58
36,9443.99
37,9389.52
38,9416.94
39,9501.79
40,9381.09
41,9246.68
42,9126.86
43,9124.75
44,9099.49
45,9022.67
46,9071.1
47,8973.31
48,9016.92
49,8972.17
50,8948.79
51,8925.7
52,8900.22
53,8814.34
54,8779.32
55,8753.85
56,8749.99
57,8629.98
58,8485.5
59,8483.77
60,8510.66
61,8509.0
62,8482.09
63,8547.43
64,8683.62
65,8877.02
66,8891.79
67,8981.32
68,8870.07
69,8789.42
70,8706.77
71,8620.64
72,8479.51
73,8325.19
74,8234.87
75,8219.6
76,8178.41
77,8156.04
78,8176.08
79,8191.81
80,8253.99
81,8227.12
82,8206.23
83,8119.65
84,7939.6
85,7842.95
86,7714.03
87,7591.13
88,7466.1
89,7366.6
90,7242.06
91,7212.94
92,7149.14
93,7066.77
94,6956.02
95,6873.19
96,6819.04
97,6800.81
98,6743.59
99,6721.37
100,6713.41
101,6697.5
102,6678.99
103,6638.35
104,6643.23
105,6623.22
106,6597.02
107,6578.38
108,6595.26
109,6598.32
110,6609.01
111,6599.31
112,6665.02
113,6696.73
114,6764.89
115,6859.18
116,7018.23
117,7105.71
118,7228.27
119,7267.78
120,7312.33
121,7414.45
122,7504.45
123,7653.42
124,7758.67
125,7851.39
126,7936.3
127,8058.62
128,8192.66
129,8135.48
130,8114.76
131,8164.03
132,8293.4
133,8269.64
134,8308.79
135,8414.58
136,8487.32
137,8541.5
138,8540.39
139,8478.77
140,8377.87
141,8386.17
142,8268.06
143,8116.99
144,8007.95
145,7905.26
146,7902.63
147,7821.84
148,7862.35
149,7892.4
150,7986.45
151,8071.61
152,8135.64
153,8115.22
154,8015.2
155,8026.79
156,8083.4
157,8083.19
158,8108.91
159,8080.96
160,8155.73
161,8133.12
162,8164.22
163,8099.02
164,8126.68
165,8096.6
166,7978.92
167,7821.91
168,7745.87
169,7696.35
170,7610.47
171,7633.93
172,7528.18
173,7509.38
174,7499.2
175,7533.11
176,7606.2
177,7598.36
178,7579.12
179,7495.51
180,7418.01
181,7303.57
182,7236.62
183,7123.25
184,6984.07
185,6915.08
186,6904.14
187,6801.91
188,6687.32
189,6630.67
190,6580.35
191,6525.7
192,6432.79
193,6367.58
194,6293.67
195,6255.69
196,6253.5
197,6241.12
198,6223.32
199,6202.98
200,6225.7
201,6218.15
202,6207.26
203,6223.58
204,6236.21
205,6226.56
206,6222.97
207,6181.39
208,6195.76
209,6284.0
210,6366.2
211,6420.7
212,6487.0
213,6533.54
214,6581.22
215,6646.66
216,6643.31
217,6672.76
218,6845.49
219,7068.2
220,7189.8
221,7288.87
222,7352.63
223,7392.42
224,7468.58
225,7570.99
226,7699.51
227,7786.34
228,7818.52
229,7875.13
230,7935.4
231,8008.38
232,8007.14
233,7930.22
234,7878.18
235,7828.88
236,7807.71
237,7719.35
238,7558.7
239,7539.19
240,7586.05
241,7697.06
242,7642.71
243,7556.06
244,7590.67
245,7537.24
246,7455.43
247,7428.84
248,7507.91
249,7540.08
250,7581.45
251,7537.7
252,7547.4
253,7589.88
254,7704.05
255,7683.62
256,7808.59
257,7780.3
258,7715.98
259,7684.57
260,7793.29
261,7783.34
262,7835.74
263,7813.11
264,7803.79
265,7707.54
266,7615.21
267,7606.38
268,7685.08
269,7758.53
270,7798.11
271,7844.24
272,7818.71
273,7813.7
274,7795.95
275,7725.56
276,7550.0
277,7423.86
278,7359.98
279,7311.23
280,7260.65
281,7142.21
282,7027.52
283,6931.14
284,6766.66
285,6759.4
286,6746.55
287,6694.54
288,6609.63
289,6580.18
290,6542.91
291,6469.14
292,6455.96
293,6444.11
294,6394.32
295,6408.03
296,6551.88
297,6524.97
298,6523.89
299,6598.16
300,6683.06
301,6781.51
302,6786.42
303,6801.49
304,7030.69
305,7137.37
306,7280.99
307,7412.77
308,7586.93
309,7805.07
310,7977.58
311,8164.39
312,8311.24
313,8365.41
314,8455.31
315,8607.35
316,8697.88
317,8849.95
318,8985.36
319,9132.9
320,8979.79
321,8892.44
322,8988.64
323,9185.2
324,9254.46
325,9319.71
326,9380.0
327,9386.19
328,9407.79
329,9354.13
330,9422.21
331,9424.82
332,9548.41
333,9603.68
334,9564.6
335,9523.78
336,9453.53
337,9446.92
338,9399.92
339,9384.77
340,9399.93
341,9331.97
342,9298.64
343,9217.85
344,9161.32
345,9075.24
346,9028.56
347,9062.95
348,9089.35
349,9042.8
350,9061.14
351,8981.76
352,8938.0
353,8922.98
354,8918.79
355,8855.65
356,8857.82
357,8843.58
358,8859.21
359,8853.01
360,8814.76
361,8689.38
362,8565.61
363,8465.36
364,8401.81
365,8357.11
366,8397.6
367,8415.29
368,8469.75
369,8439.93
370,8394.09
371,8316.41
372,8144.01
373,7971.5
374,7872.96
375,7762.57
376,7629.87
377,7444.92
378,7343.35
379,7203.22
380,7164.07
381,7086.63
382,7037.03
383,6930.52
384,6854.98
385,6788.49
386,6748.06
387,6739.55
388,6719.45
389,6697.0
390,6673.58
391,6670.81
392,6737.38
393,6760.04
394,6750.34
395,6794.7
396,6891.23
397,6933.11
398,7011.19
399,7042.44
400,7232.98
401,7275.62
402,7442.75
403,7607.56
404,7829.47
405,7928.85
406,8050.48
407,8219.22
408,8443.52
409,8556.04
410,8671.7
411,8744.21
412,8821.84
413,8974.34
414,9135.85
415,9234.78
416,9348.65
417,9322.68
418,9373.83
419,9405.12
420,9418.89
421,9452.9
422,9621.52
423,9645.99
424,9648.45
425,9625.76
426,9706.59
427,9749.46
428,9787.34
429,9775.71
430,9723.58
431,9757.97
432,9784.38
433,9788.27
434,9725.08
435,9720.59
436,9700.32
437,9692.13
438,9641.8
439,9521.36
440,9501.78
441,9376.83
442,9338.88
443,9305.66
444,9389.62
445,9475.49
446,9530.7
447,9429.91
448,9386.29
449,9337.63
450,9339.3
451,9362.7
452,9319.95
453,9151.24
454,9075.09
455,9082.19
456,8979.98
457,8967.74
458,8868.06
459,8814.56
460,8749.57
461,8698.02
462,8677.29
463,8736.72
464,8755.69
465,8747.18
466,8701.58
467,8539.58
468,8464.13
469,8356.37
470,8240.55
471,8124.21
472,8038.59
473,7943.31
474,7729.79
475,7655.01
476,7387.03
477,7254.05
478,7192.33
479,7055.61
480,6886.79
481,6806.4
482,6779.68
483,6814.22
484,6778.2
485,6764.22
486,6720.47
487,6723.71
488,6802.25
489,6805.8
490,6832.15
491,6835.63
492,6984.91
493,7018.06
494,7079.9
495,7215.6
496,7488.95
497,7710.7
498,7871.22
499,7940.98
500,8088.5
501,8185.46
502,8280.29
503,8364.45
504,8496.76
505,8611.14
506,8698.55
507,8863.92
508,8998.36
509,9156.56
510,9163.61
511,9220.6
512,9256.01
513,9304.57
514,9264.31
515,9228.02
516,9392.98
517,9585.36
518,9650.49
519,9718.66
520,9624.3
521,9553.81
522,9428.61
523,9432.87
524,9461.32
525,9408.38
526,9421.07
527,9351.66
528,9245.42
529,9199.64
530,9239.07
531,9250.96
532,9308.13
533,9342.64
534,9276.15
535,9262.56
536,9336.28
537,9382.71
538,9355.77
539,9337.61
540,9328.25
541,9269.52
542,9289.86
543,9208.02
544,9122.97
545,9004.01
546,9010.27
547,9041.03
548,9143.73
549,9047.26
550,9000.78
551,8920.88
552,8830.97
553,8774.83
554,8749.75
555,8705.06
556,8598.53
557,8531.57
558,8529.68
559,8533.12
560,8539.59
561,8451.47
562,8367.86
563,8268.12
564,8199.16
565,8090.58
566,8042.06
567,7930.74
568,7649.65
569,7492.5
570,7428.78
571,7350.2
572,7273.59
573,7177.03
574,7105.29
575,7067.14
576,7102.9
577,7088.64
578,7025.13
579,7024.93
580,6996.91
581,6973.0
582,6957.37
583,6890.5
584,6910.76
585,6908.71
586,6924.59
587,6931.46
588,7062.36
589,7111.56
590,7174.83
591,7223.77
592,7383.71
593,7523.66
594,7579.83
595,7768.79
596,7994.16
597,8083.13
598,8222.5
599,8375.85
600,8583.07
601,8750.17
602,8903.25
603,8993.64
604,9057.18
605,9112.15
606,9110.47
607,9103.08
608,9188.96
609,9421.79
610,9458.62
611,9574.61
612,9545.78
613,9525.46
614,9467.84
615,9446.4
616,9324.47
617,9235.16
618,9169.85
619,9128.49
620,9187.63
621,9227.51
622,9271.17
623,9317.49
624,9370.08
625,9436.65
626,9514.14
627,9497.12
628,9374.49
629,9215.9
630,9140.69
631,9045.91
632,8974.99
633,8898.26
634,8976.36
635,9030.79
636,9131.13
637,9202.03
638,9154.98
639,9110.84
640,9140.09
641,9152.25
642,9099.24
643,9053.92
644,9004.16
645,8951.04
646,8923.69
647,8821.05
648,8773.59
649,8721.45
650,8685.02
651,8656.13
652,8625.04
653,8614.13
654,8616.4
655,8610.66
656,8580.76
657,8578.42
658,8471.72
659,8385.07
660,8234.76
661,8082.35
662,7976.45
663,7837.65
664,7743.67
665,7534.71
666,7466.37
667,7342.94
668,7282.98
669,7202.32
670,7160.22
671,7109.77
672,7071.46
673,7018.33
674,6980.32
675,6989.12
676,6984.47
677,6950.06
678,6966.97
679,6933.01
680,7012.13
681,6989.85
682,7006.57
683,7034.69
684,7133.6
685,7141.87
686,7211.04
687,7291.92
688,7482.57
689,7579.97
690,7663.52
691,7724.16
692,7838.87
693,7948.77
694,8087.44
695,8240.63
696,8439.94
697,8557.63
698,8683.47
699,8800.6
700,8861.92
701,8904.0
702,8923.01
703,8986.32
704,9016.07
705,9031.69
706,9125.33
707,9167.78
708,9289.45
709,9356.58
710,9512.41
711,9656.86
712,9627.81
713,9586.34
714,9660.32
715,9799.38
716,9914.6
717,9923.28
718,9913.45
719,9922.46
720,9805.05
721,9719.71
722,9598.38
723,9466.59
724,9360.85
725,9243.13
726,9160.32
727,9139.8
728,9054.87
729,9069.16
730,9038.86
731,8952.4
732,9039.1
733,9067.72
734,8983.75
735,8994.83
736,8919.21
737,8843.01
738,8806.67
739,8809.32
740,8910.02
741,8812.59
742,8757.34
743,8707.72
744,8688.08
745,8564.56
746,8457.54
747,8394.48
748,8313.16
749,8292.46
750,8367.15
751,8394.99
752,8402.63
753,8372.49
754,8373.14
755,8247.93
756,8123.0
757,7954.3
758,7805.61
759,7660.45
760,7549.72
761,7374.67
762,7291.35
763,7223.59
764,7210.58
765,7101.76
766,7077.06
767,7038.65
768,6915.59
769,6863.21
770,6789.44
771,6746.32
772,6665.03
773,6583.17
774,6502.54
775,6437.81
776,6449.92
777,6449.39
778,6412.56
779,6413.66
780,6448.87
781,6508.32
782,6546.36
783,6594.79
784,6656.3
785,6642.02
786,6669.95
787,6752.62
788,6801.56
789,6829.87
790,6888.39
791,6938.38
792,7075.51
793,7150.4
794,7220.34
795,7349.46
796,7510.06
797,7589.17
798,7744.95
799,7869.24
800,7907.03
801,7957.38
802,8086.55
803,8235.37
804,8232.81
805,8281.45
806,8455.61
807,8513.36
808,8565.12
809,8522.17
810,8455.65
811,8558.54
812,8493.97
813,8421.16
814,8319.52
815,8279.78
816,8255.77
817,8221.35
818,8079.13
819,7965.35
820,7904.57
821,7798.38
822,7807.55
823,7838.25
824,7779.24
825,7850.46
826,7938.22
827,7954.46
828,8007.5
829,8068.4
830,8138.27
831,8246.04
832,8216.79
833,8174.86
834,8197.86
835,8172.41
836,8143.48
837,8011.02
838,7904.02
839,7756.95
840,7728.59
841,7727.18
842,7719.22
843,7697.03
844,7712.77
845,7731.55
846,7776.73
847,7715.05
848,7679.93
849,7695.82
850,7660.43
851,7571.11
852,7590.68
853,7571.84
854,7482.57
855,7325.4
856,7147.89
857,7014.2
858,6910.63
859,6820.04
860,6754.09
861,6685.79
862,6619.69
863,6540.33
864,6522.17
865,6467.11
866,6485.11
867,6449.52
868,6474.5
869,6449.83
870,6461.77
871,6438.22
872,6426.94
873,6425.9
874,6412.4
875,6392.58
876,6387.75
877,6394.95
878,6441.77
879,6424.21
880,6449.41
881,6465.79
882,6479.94
883,6511.52
884,6566.22
885,6595.63
886,6610.63
887,6596.54
888,6680.41
889,6783.14
890,6912.78
891,6971.19
892,7127.44
893,7284.94
894,7494.32
895,7614.66
896,7799.18
897,7896.07
898,7959.31
899,8023.94
900,8128.6
901,8186.51
902,8242.57
903,8272.59
904,8193.82
905,8128.67
906,7955.26
907,7889.1
908,7755.57
909,7655.54
910,7594.02
911,7587.33
912,7623.12
913,7479.86
914,7451.88
915,7477.52
916,7441.84
917,7405.08
918,7416.64
919,7555.16
920,7656.56
921,7652.86
922,7582.68
923,7549.77
924,7530.87
925,7497.64
926,7511.25
927,7469.39
928,7492.01
929,7651.25
930,7687.07
931,7738.08
932,7960.69
933,7999.21
934,7920.18
935,7894.73
936,7877.53
937,7790.39
938,7780.92
939,7762.99
940,7740.88
941,7704.37
942,7696.76
943,7671.94
944,7685.95
945,7715.65
946,7676.11
947,7634.59
948,7492.73
949,7342.12
950,7257.23
951,7244.14
952,7150.86
953,6994.28
954,6951.3
955,6906.92
956,6888.41
957,6857.94
958,6786.88
959,6767.81
960,6706.81
961,6638.39
962,6574.75
963,6567.75
964,6612.91
965,6644.02
966,6638.85
967,6584.48
968,6620.28
969,6646.87
970,6712.43
971,6719.08
972,6869.13
973,6969.69
974,7014.11
975,7097.63
976,7351.68
977,7424.89
978,7506.62
979,7655.72
980,7887.88
981,8098.7
982,8267.92
983,8449.38
984,8646.5
985,8751.83
986,8918.46
987,9060.38
988,9096.76
989,9220.45
990,9364.34
991,9480.26
992,9474.33
993,9449.78
994,9456.88
995,9635.78
996,9650.74
997,9738.56
998,9850.7
999,9973.98
1000,9874.57
1001,9833.96
1002,9871.29
1003,9803.69
1004,9792.5
1005,9746.59
1006,9676.57
1007,9655.67
1008,9726.06
1009,9687.11
1010,9670.04
1011,9618.49
1012,9660.43
1013,9627.39
1014,9506.67
1015,9424.3
1016,9358.43
1017,9221.22
1018,9177.89
1019,9096.06
1020,9131.57
1021,9106.29
1022,9021.02
1023,9006.91
1024,9048.91
1025,8958.09
1026,8962.2
1027,8934.16
1028,8983.82
1029,8981.99
1030,8925.95
1031,8883.2
1032,8852.04
1033,8740.23
1034,8622.22
1035,8504.89
1036,8411.74
1037,8396.14
1038,8391.99
1039,8407.37
1040,8398.58
1041,8348.3
1042,8260.55
1043,8169.97
1044,8107.2
1045,7946.04
1046,7870.37
1047,7747.6
1048,7687.05
1049,7565.23
1050,7459.34
1051,7412.48
1052,7312.75
1053,7103.78
1054,7112.07
1055,7053.76
1056,6915.54
1057,6924.12
1058,6937.04
1059,6925.97
1060,6832.18
1061,6796.63
1062,6789.05
1063,6814.37
1064,6857.67
1065,6922.11
1066,6911.28
1067,6948.49
1068,7042.39
1069,7137.99
1070,7166.39
1071,7238.65
1072,7491.69
1073,7549.58
1074,7727.72
1075,7931.47
1076,8091.68
1077,8188.91
1078,8289.82
1079,8455.08
1080,8723.14
1081,8916.91
1082,8965.83
1083,9127.01
1084,9150.73
1085,9245.83
1086,9299.14
1087,9419.91
1088,9477.03
1089,9453.13
1090,9519.86
1091,9518.33
1092,9740.38
1093,9855.47
1094,10012.33
1095,10063.42
1096,10183.41
1097,10300.61
1098,10353.03
1099,10369.46
1100,10281.9
1101,10195.99
1102,10095.36
1103,9953.79
1104,9878.12
1105,9800.97
1106,9729.11
1107,9790.57
1108,9838.64
1109,9759.49
1110,9739.36
1111,9601.72
1112,9521.44
1113,9442.26
1114,9321.92
1115,9297.64
1116,9350.23
1117,9251.44
1118,9225.0
1119,9201.58
1120,9113.19
1121,9106.66
1122,9096.19
1123,9077.45
1124,9165.71
1125,9108.01
1126,9045.87
1127,9011.04
1128,9020.21
1129,8981.75
1130,8881.34
1131,8746.97
1132,8659.55
1133,8624.99
1134,8618.24
1135,8606.1
1136,8525.42
1137,8481.4
1138,8404.13
1139,8285.38
1140,8196.57
1141,8114.61
1142,7947.28
1143,7790.66
1144,7625.51
1145,7561.36
1146,7541.47
1147,7376.66
1148,7366.67
1149,7299.35
1150,7179.91
1151,7083.26
1152,7032.91
1153,6994.51
1154,6963.6
1155,6964.69
1156,6971.12
1157,6870.96
1158,6859.72
1159,6902.01
1160,6959.69
1161,6895.85
1162,6885.28
1163,6937.24
1164,7025.16
1165,7092.86
1166,7161.89
1167,7254.0
1168,7483.43
1169,7513.12
1170,7652.59
1171,7805.95
1172,8002.39
1173,8211.29
1174,8294.6
1175,8427.65
1176,8628.4
1177,8669.54
1178,8821.89
1179,8899.14
1180,9007.45
1181,9097.77
1182,9197.56
1183,9243.49
1184,9232.76
1185,9318.32
1186,9393.77
1187,9495.61
1188,9413.6
1189,9452.61
1190,9558.91
1191,9566.22
1192,9497.05
1193,9418.68
1194,9502.08
1195,9621.51
1196,9525.53
1197,9509.71
1198,9453.55
1199,9458.08
1200,9424.69
1201,9332.27
1202,9240.04
1203,9212.55
1204,9226.88
1205,9196.33
1206,9088.45
1207,8946.66
1208,9031.4
1209,9057.84
1210,9143.64
1211,9273.63
1212,9278.51
1213,9225.68
1214,9231.23
1215,9209.94
1216,9182.08
1217,9130.6
1218,9201.87
1219,9146.02
1220,9064.03
1221,8923.35
1222,8859.17
1223,8779.47
1224,8648.88
1225,8503.76
1226,8441.72
1227,8396.16
1228,8423.39
1229,8429.21
1230,8639.7
1231,8595.81
1232,8603.74
1233,8601.55
1234,8548.65
1235,8459.29
1236,8291.22
1237,8097.94
1238,7998.6
1239,7823.76
1240,7679.26
1241,7513.44
1242,7323.0
1243,7190.7
1244,7101.01
1245,7032.69
1246,6975.19
1247,6909.53
1248,6982.51
1249,6963.09
1250,6922.74
1251,6859.43
1252,6918.19
1253,6908.89
1254,6970.58
1255,6976.45
1256,6931.76
1257,6952.2
1258,6997.24
1259,6953.77
1260,6983.6
1261,7003.55
1262,7086.57
1263,7213.73
1264,7465.63
1265,7630.89
1266,7778.64
1267,7893.6
1268,8035.07
1269,8252.46
1270,8395.21
1271,8531.08
1272,8701.24
1273,8820.83
1274,8976.87
1275,9135.04
1276,9265.91
1277,9222.21
1278,9474.38
1279,9653.97
1280,9580.41
1281,9554.69
1282,9608.88
1283,9739.15
1284,9707.92
1285,9692.07
1286,9678.51
1287,9813.13
1288,9707.15
1289,9548.25
1290,9621.25
1291,9716.22
1292,9729.22
1293,9637.55
1294,9592.35
1295,9437.94
1296,9402.98
1297,9475.15
1298,9406.19
1299,9382.1
1300,9383.44
1301,9423.09
1302,9352.56
1303,9273.85
1304,9185.13
1305,9150.63
1306,9094.09
1307,9136.74
1308,9154.34
1309,9085.48
1310,9096.42
1311,9136.34
1312,9108.49
1313,9053.83
1314,9109.64
1315,9168.61
1316,9240.64
1317,9217.31
1318,9175.97
1319,9121.84
1320,8982.05
1321,8913.34
1322,8750.84
1323,8629.78
1324,8492.52
1325,8571.79
1326,8679.76
1327,8702.1
1328,8703.31
1329,8796.66
1330,8784.27
1331,8620.47
1332,8458.35
1333,8276.57
1334,8156.11
1335,8084.71
1336,7836.18
1337,7754.06
1338,7701.82
1339,7618.16
1340,7506.61
1341,7423.9
1342,7310.39
1343,7201.73
1344,7167.65
1345,7120.68
1346,7118.11
1347,7065.75
1348,7009.32
1349,7035.67
1350,6971.65
1351,6902.12
1352,6961.75
1353,6942.25
1354,6953.63
1355,6978.43
1356,7233.13
1357,7364.88
1358,7465.45
1359,7520.11
1360,7643.87
1361,7852.92
1362,7945.21
1363,8029.84
1364,8305.99
1365,8513.99
1366,8637.96
1367,8824.62
1368,8969.81
1369,9110.41
1370,9242.54
1371,9351.5
1372,9433.99
1373,9531.21
1374,9590.28
1375,9545.7
1376,9524.97
1377,9606.23
1378,9817.85
1379,9810.46
1380,9809.45
1381,9813.87
1382,9812.84
1383,9802.0
1384,9726.74
1385,9595.05
1386,9518.47
1387,9526.4
1388,9574.52
1389,9711.04
1390,9853.9
1391,9794.52
1392,9712.64
1393,9634.26
1394,9768.98
1395,9873.76
1396,9921.94
1397,9704.87
1398,9804.0
1399,9757.95
1400,9524.88
1401,9373.26
1402,9329.37
1403,9216.33
1404,9218.23
1405,9162.19
1406,9106.25
1407,9157.63
1408,9180.16
1409,8840.07
1410,9115.02
1411,9062.56
1412,9006.82
1413,8891.47
1414,8865.47
1415,8800.19
1416,8779.07
1417,8662.67
1418,8511.2
1419,8527.76
1420,8568.83
1421,8539.96
1422,8550.38
1423,8573.13
1424,8440.79
1425,8399.25
1426,8234.84
1427,8070.59
1428,7939.17
1429,7744.87
1430,7570.61
1431,7446.94
1432,7383.76
1433,7247.67
1434,7106.79
1435,7023.66
1436,6949.38
1437,6921.32
1438,6836.4
1439,6835.78
1440,6845.44
1441,6804.55
1442,6785.01
1443,6825.39
1444,6775.77
1445,6770.55
1446,6763.08
1447,6757.41
1448,6776.32
1449,6813.11
1450,6815.29
1451,6757.65
1452,6805.83
1453,6711.48
1454,6690.21
1455,6744.41
1456,6692.95
1457,6740.6
1458,6768.47
1459,6800.95
1460,6860.5
1461,6986.21
1462,7086.74
1463,7272.5
1464,7413.0
1465,7569.14
1466,7676.14
1467,7796.75
1468,7940.39
1469,8159.62
1470,8340.04
1471,8516.12
1472,8520.38
1473,8635.74
1474,8640.01
1475,8808.09
1476,8783.7
1477,8782.41
1478,8890.53
1479,8972.64
1480,8846.31
1481,8689.59
1482,8719.73
1483,8681.97
1484,8682.52
1485,8665.36
1486,8701.61
1487,8639.4
1488,8660.53
1489,8632.64
1490,8660.16
1491,8699.71
1492,8663.26
1493,8653.2
1494,8539.94
1495,8374.77
1496,8243.85
1497,8103.53
1498,8125.15
1499,8148.62
1500,8128.66
1501,8060.96
1502,8074.5
1503,8048.45
1504,8086.25
1505,8163.73
1506,8262.97
1507,8238.01
1508,8246.17
1509,8118.71
1510,8117.75
1511,8155.44
1512,8223.14
1513,8229.62
1514,8101.34
1515,8010.06
1516,7878.11
1517,7829.39
1518,7898.59
1519,7922.97
1520,7841.22
1521,7893.65
1522,7849.17
1523,7778.86
1524,7750.26
1525,7604.05
1526,7487.57
1527,7393.93
1528,7275.14
1529,7163.72
1530,7149.72
1531,7032.7
1532,7050.67
1533,6924.73
1534,6922.1
1535,6830.11
1536,6782.14
1537,6763.66
1538,6732.29
1539,6720.19
1540,6683.55
1541,6636.43
1542,6600.99
1543,6596.1
1544,6598.72
1545,6630.19
1546,6626.08
1547,6617.59
1548,6660.41
1549,6604.65
1550,6701.89
1551,6715.85
1552,6706.23
1553,6677.01
1554,6707.16
1555,6785.19
1556,6890.13
1557,7036.19
1558,7110.33
1559,7259.06
1560,7297.46
1561,7437.52
1562,7540.97
1563,7754.57
1564,7685.46
1565,7761.52
1566,7931.02
1567,7924.18
1568,8080.61
1569,8165.66
1570,8218.08
1571,8241.21
1572,8252.17
1573,8438.81
1574,8545.86
1575,8565.73
1576,8634.59
1577,8714.96
1578,8721.7
1579,8760.36
1580,8894.85
1581,8982.9
1582,8945.01
1583,8881.47
1584,8769.05
1585,8646.26
1586,8555.46
1587,8462.35
1588,8387.58
1589,8307.52
1590,8138.64
1591,8034.65
1592,8025.23
1593,7907.47
1594,7858.92
1595,7848.37
1596,7831.16
1597,7839.41
1598,7936.11
1599,7894.7
1600,7969.25
1601,8076.59
1602,8077.59
1603,8154.67
1604,8283.78
1605,8272.55
1606,8257.7
1607,8211.75
1608,8331.04
1609,8313.33
1610,8220.97
1611,8182.03
1612,8179.95
1613,8208.16
1614,8190.2
1615,8192.76
1616,8266.75
1617,8230.6
1618,8189.5
1619,8157.99
1620,8035.52
1621,7873.32
1622,7797.15
1623,7700.74
1624,7554.89
1625,7491.15
1626,7443.7
1627,7385.24
1628,7280.33
1629,7257.24
1630,7178.35
1631,7151.94
1632,7074.71
1633,7034.79
1634,7038.94
1635,6989.84
1636,6889.29
1637,6995.31
1638,6940.63
1639,6955.53
1640,6911.91
1641,6931.26
1642,6934.39
1643,7036.21
1644,7168.06
1645,7272.4
1646,7345.29
1647,7381.4
1648,7593.68
1649,7679.03
1650,7792.38
1651,7987.41
1652,8269.69
1653,8524.51
1654,8724.69
1655,8915.14
1656,9138.94
1657,9242.43
1658,9357.81
1659,9480.98
1660,9586.86
1661,9736.8
1662,9908.4
1663,10113.74
1664,10137.36
1665,10263.26
1666,10348.41
1667,10471.68
1668,10558.12
1669,10561.86
1670,10655.84
1671,10796.35
1672,10816.86
1673,10866.4
1674,10892.8
1675,10961.94
1676,10924.58
1677,10854.39
1678,10920.11
1679,10880.91
1680,10929.61
1681,10922.53
1682,10806.3
1683,10782.58
1684,10795.04
1685,10709.83
1686,10640.66
1687,10507.58
1688,10416.37
1689,10374.37
1690,10315.97
1691,10275.7
1692,10304.91
1693,10077.38
1694,10033.16
1695,9956.81
1696,10013.03
1697,9976.12
1698,9967.64
1699,9981.54
1700,10061.95
1701,10053.9
1702,10021.48
1703,9975.64
1704,9927.66
1705,9790.42
1706,9678.89
1707,9658.95
1708,9699.97
1709,9741.02
1710,9701.32
1711,9559.31
1712,9374.57
1713,9305.54
1714,9251.31
1715,9090.92
1716,8942.81
1717,8894.08
1718,8707.3
1719,8578.88
1720,8315.48
1721,8096.78
1722,8011.38
1723,7916.8
1724,7886.26
1725,7864.24
1726,7768.42
1727,7710.91
1728,7612.59
1729,7578.1
1730,7602.33
1731,7568.71
1732,7558.32
1733,7568.15
1734,7632.79
1735,7549.87
1736,7589.85
1737,7634.56
1738,7676.94
1739,7592.08
1740,7800.61
1741,7931.81
1742,7986.4
1743,8111.91
1744,8204.4
1745,8357.04
1746,8367.64
1747,8557.61
1748,8814.9
1749,9121.97
1750,9216.73
1751,9386.83
1752,9543.63
1753,9675.65
1754,9852.55
1755,9820.81
1756,9896.51
1757,10044.67
1758,10139.84
1759,10099.79
1760,10124.6
1761,10195.23
1762,10261.32
1763,10414.01
1764,10543.03
1765,10548.31
1766,10633.36
1767,10658.56
1768,10635.08
1769,10629.72
1770,10733.29
1771,10675.63
1772,10604.09
1773,10608.09
1774,10504.74
1775,10397.97
1776,10505.39
1777,10451.09
1778,10516.98
1779,10491.63
1780,10429.05
1781,10480.69
1782,10485.92
1783,10391.57
1784,10265.03
1785,10157.56
1786,10082.69
1787,10087.41
1788,10001.11
1789,9914.65
1790,9858.74
1791,9878.36
1792,9895.42
1793,9937.81
1794,9966.78
1795,9987.21
1796,9841.44
1797,9773.62
1798,9761.38
1799,9711.41
1800,9666.07
1801,9687.64
1802,9608.16
1803,9559.17
1804,9503.76
1805,9414.96
1806,9422.22
1807,9357.14
1808,9231.22
1809,9170.68
1810,9089.27
1811,9092.59
1812,9069.37
1813,8864.18
1814,8672.73
1815,8508.24
1816,8294.31
1817,8183.72
1818,8089.35
1819,8029.01
1820,7960.32
1821,7803.45
1822,7730.45
1823,7654.12
1824,7633.19
1825,7523.93
1826,7540.86
1827,7494.9
1828,7515.32
1829,7493.31
1830,7436.38
1831,7439.86
1832,7426.96
1833,7399.31
1834,7372.79
1835,7465.62
1836,7629.4
1837,7663.54
1838,7708.93
1839,7872.34
1840,8086.87
1841,8218.42
1842,8304.44
1843,8410.99
1844,8590.55
1845,8789.1
1846,8948.91
1847,9107.85
1848,9313.34
1849,9421.93
1850,9492.91
1851,9506.39
1852,9617.5
1853,9674.85
1854,9748.09
1855,9878.92
1856,9935.59
1857,10054.54
1858,10148.61
1859,10154.83
1860,10091.7
1861,10082.52
1862,10100.52
1863,10177.31
1864,10134.97
1865,10123.79
1866,10206.76
1867,10102.91
1868,10154.04
1869,10154.6
1870,10164.27
1871,10171.71
1872,10063.54
1873,9970.83
1874,9850.55
1875,9864.25
1876,9887.86
1877,9982.73
1878,10003.29
1879,10008.52
1880,10009.69
1881,9963.51
1882,9829.89
1883,9716.81
1884,9743.48
1885,9667.21
1886,9671.19
1887,9641.41
1888,9684.51
1889,9619.86
1890,9533.53
1891,9418.22
1892,9387.71
1893,9323.31
1894,9178.01
1895,9082.59
1896,9086.61
1897,8984.79
1898,8834.18
1899,8774.74
1900,8834.92
1901,8890.81
1902,8894.98
1903,8855.4
1904,8837.21
1905,8828.07
1906,8829.4
1907,8747.26
1908,8585.01
1909,8437.5
1910,8299.96
1911,8218.56
1912,8050.27
1913,7934.62
1914,7817.24
1915,7690.72
1916,7637.73
1917,7594.28
1918,7501.43
1919,7424.23
1920,7368.14
1921,7299.85
1922,7280.08
1923,7242.02
1924,7211.71
1925,7230.19
1926,7167.13
1927,7186.05
1928,7090.38
1929,7091.58
1930,7113.83
1931,7133.1
1932,7099.81
1933,7079.92
1934,7073.49
1935,7047.07
1936,7024.71
1937,7043.48
1938,7061.46
1939,7304.44
1940,7395.61
1941,7435.55
1942,7578.9
1943,7680.56
1944,7740.49
1945,7793.56
1946,7883.65
1947,8193.75
1948,8130.54
1949,8271.19
1950,8371.39
1951,8543.38
1952,8556.13
1953,8598.58
1954,8647.27
1955,8736.2
1956,8766.83
1957,8737.04
1958,8912.53
1959,8919.96
1960,8869.65
1961,8643.2
1962,8681.42
1963,8685.78
1964,8723.24
1965,8694.72
1966,8677.87
1967,8651.78
1968,8604.5
1969,8520.9
1970,8520.39
1971,8368.43
1972,8398.98
1973,8263.88
1974,8337.42
1975,8374.71
1976,8447.57
1977,8308.1
1978,8340.01
1979,8292.1
1980,8281.53
1981,8279.4
1982,8244.3
1983,8368.44
1984,8487.91
1985,8520.77
1986,8508.1
1987,8511.38
1988,8535.09
1989,8510.45
1990,8522.23
1991,8506.5
1992,8529.55
1993,8399.26
1994,8400.44
1995,8271.96
1996,8382.11
1997,8454.9
1998,8466.9
1999,8426.29
2000,8468.64
2001,8368.98
2002,8304.51
2003,8248.89
2004,8149.55
2005,8080.96
2006,8007.98
2007,7909.18
2008,7798.82
2009,7662.33
2010,7629.42
2011,7472.56
2012,7428.62
2013,7309.57
2014,7248.07
2015,7230.46
2016,7138.6
2017,7037.98
2018,7056.5
2019,6983.7
2020,6949.94
2021,7072.28
2022,7061.41
2023,7115.65
2024,7216.63
2025,7166.78
2026,7154.42
2027,7200.6
2028,7254.06
2029,7335.71
2030,7268.08
2031,7367.24
2032,7500.75
2033,7518.9
2034,7472.71
2035,7619.58
2036,7730.34
2037,7751.5
2038,8056.97
2039,8265.31
2040,8288.97
2041,8325.13
2042,8484.76
2043,8599.69
2044,8573.22
2045,8613.13
2046,8787.49
2047,8793.92
2048,8835.88
2049,8911.74
2050,9052.52
2051,9106.11
2052,9289.79
2053,9378.22
2054,9416.74
2055,9376.75
2056,9257.12
2057,9153.0
2058,9098.63
2059,9070.16
2060,9143.65
2061,9135.45
2062,9116.06
2063,9026.53
2064,9046.25
2065,8979.48
2066,8924.68
2067,8869.81
2068,8714.52
2069,8760.05
2070,8698.06
2071,8591.36
2072,8615.46
2073,8616.59
2074,8596.5
2075,8656.11
2076,8614.13
2077,8645.17
2078,8752.81
2079,8831.73
2080,8913.13
2081,8835.59
2082,8765.17
2083,8744.09
2084,8579.93
2085,8587.67
2086,8543.4
2087,8635.25
2088,8576.91
2089,8440.35
2090,8455.14
2091,8429.6
2092,8535.85
2093,8536.84
2094,8545.15
2095,8578.7
2096,8504.98
2097,8408.35
2098,8315.41
2099,8132.42
2100,8136.54
2101,8048.86
2102,7906.85
2103,7746.11
2104,7842.61
2105,7661.93
2106,7584.26
2107,7578.29
2108,7513.37
2109,7486.42
2110,7463.17
2111,7354.66
2112,7282.2
2113,7261.11
2114,7186.27
2115,7209.06
2116,7312.44
2117,7177.05
2118,7213.5
2119,7145.74
2120,7082.96
2121,7114.38
2122,7126.49
2123,7101.65
2124,7092.74
2125,7055.64
2126,7089.15
2127,7085.3
2128,7260.08
2129,7322.12
2130,7295.65
2131,7301.41
2132,7347.86
2133,7476.75
2134,7571.09
2135,7691.73
2136,7764.72
2137,8017.12
2138,8128.29
2139,8137.2
2140,8237.39
2141,8393.71
2142,8548.79
2143,8668.11
2144,8701.68
2145,8782.71
2146,8822.27
2147,8921.29
2148,9064.33
2149,9068.24
2150,9061.81
2151,9007.37
2152,8909.49
2153,8891.29
2154,8907.44
2155,8944.29
2156,9013.38
2157,8988.19
2158,9012.98
2159,9033.1
2160,8947.86
2161,8881.04
2162,8839.85
2163,8819.02
2164,8818.83
2165,8754.46
2166,8553.14
2167,8249.37
2168,8278.59
2169,8291.97
2170,8296.69
2171,8329.26
2172,8368.23
2173,8431.9
2174,8502.52
2175,8579.75
2176,8655.44
2177,8574.79
2178,8445.56
2179,8516.0
2180,8540.61
2181,8541.85
2182,8562.58
2183,8511.04
2184,8490.59
2185,8459.54
2186,8393.62
2187,8335.37
2188,8371.74
2189,8423.82
2190,8399.53
2191,8312.44
2192,8260.22
2193,8205.93
2194,8089.77
2195,8028.56
2196,8007.16
2197,7867.38
2198,7740.93
2199,7669.34
2200,7419.16
2201,7346.81
2202,7341.22
2203,7310.27
2204,7301.76
2205,7244.43
2206,7191.0
2207,7134.34
2208,7115.66
2209,6999.93
2210,7018.57
2211,6970.0
2212,6896.49
2213,6941.76
2214,6827.62
2215,6834.27
2216,6841.91
2217,6800.78
2218,6769.3
2219,6750.82
2220,6706.3
2221,6725.21
2222,6731.96
2223,6785.64
2224,6930.77
2225,6892.1
2226,6927.1
2227,6935.92
2228,6906.06
2229,6965.71
2230,7105.7
2231,7156.07
2232,7185.44
2233,7271.8
2234,7343.26
2235,7398.26
2236,7296.04
2237,7401.97
2238,7493.92
2239,7572.55
2240,7565.4
2241,7658.73
2242,7760.53
2243,7900.53
2244,7914.73
2245,8087.33
2246,8153.62
2247,8200.58
2248,8231.77
2249,8367.79
2250,8309.89
2251,8365.16
2252,8167.83
2253,8171.59
2254,8226.29
2255,8210.67
2256,8293.73
2257,8246.82
2258,8087.23
2259,7962.05
2260,7954.48
2261,7891.52
2262,7760.55
2263,7651.91
2264,7705.85
2265,7733.24
2266,7602.26
2267,7638.69
2268,7765.18
2269,7704.65
2270,7706.84
2271,7775.23
2272,8057.09
2273,8191.69
2274,8284.9
2275,8173.91
2276,8315.51
2277,8262.14
2278,8226.95
2279,8141.98
2280,8130.88
2281,8244.38
2282,8228.33
2283,8211.0
2284,8286.48
2285,8351.04
2286,8330.12
2287,8303.65
2288,8161.47
2289,8078.7
2290,7995.66
2291,7812.0
2292,7777.09
2293,7614.96
2294,7455.62
2295,7308.61
2296,7193.7
2297,7090.01
2298,7068.95
2299,7013.42
2300,6995.08
2301,6978.01
2302,6906.33
2303,6840.64
2304,6825.2
2305,6858.4
2306,6718.99
2307,6781.56
2308,6783.22
2309,6781.01
2310,6782.57
2311,6734.22
2312,6818.57
2313,6831.47
2314,6820.24
2315,6908.55
2316,7107.42
2317,7196.52
2318,7407.95
2319,7524.29
2320,7777.51
2321,7885.45
2322,8077.55
2323,8164.61
2324,8402.94
2325,8463.73
2326,8572.04
2327,8763.26
2328,8899.79
2329,9074.62
2330,9171.77
2331,9242.05
2332,9397.45
2333,9568.54
2334,9665.34
2335,9749.73
2336,9792.48
2337,9811.51
2338,9936.88
2339,10074.4
2340,10078.99
2341,10240.06
2342,10371.6
2343,10418.95
2344,10367.47
2345,10319.13
2346,10339.0
2347,10365.17
2348,10402.04
2349,10338.64
2350,10275.94
2351,10146.05
2352,10048.54
2353,9942.59
2354,9875.43
2355,9772.96
2356,9694.79
2357,9565.45
2358,9427.33
2359,9356.87
2360,9280.36
2361,9254.4
2362,9272.33
2363,9190.4
2364,9293.55
2365,9157.42
2366,9266.43
2367,9363.04
2368,9368.99
2369,9510.64
2370,9583.83
2371,9561.55
2372,9462.61
2373,9282.0
2374,9174.47
2375,9210.53
2376,9089.05
2377,9166.62
2378,9193.05
2379,9138.01
2380,9282.57
2381,9238.86
2382,9244.32
2383,9107.03
2384,9009.35
2385,8872.36
2386,8788.19
2387,8673.34
2388,8542.0
2389,8338.43
2390,8327.4
2391,8183.91
2392,8133.82
2393,8076.76
2394,7976.16
2395,7844.68
2396,7757.61
2397,7705.74
2398,7606.83
2399,7693.19
2400,7510.79
2401,7441.66
2402,7358.13
2403,7381.86
2404,7383.83
2405,7321.99
2406,7283.42
2407,7366.72
2408,7402.9
2409,7447.59
2410,7477.29
2411,7469.39
2412,7572.92
2413,7617.49
2414,7623.21
2415,7811.94
2416,8100.38
2417,8225.65
2418,8279.13
2419,8424.02
2420,8764.44
2421,8799.65
2422,8974.28
2423,9157.07
2424,9218.37
2425,9357.08
2426,9521.11
2427,9559.43
2428,9623.25
2429,9735.47
2430,9791.8
2431,9830.24
2432,9850.43
2433,9824.97
2434,10014.1
2435,10183.74
2436,10294.99
2437,10364.75
2438,10387.53
2439,10345.72
2440,10383.03
2441,10324.13
2442,10234.8
2443,10149.28
2444,10088.48
2445,10020.88
2446,9994.28
2447,9807.46
2448,9706.51
2449,9668.0
2450,9585.52
2451,9667.11
2452,9724.24
2453,9777.16
2454,9706.12
2455,9555.9
2456,9434.42
2457,9543.55
2458,9487.46
2459,9587.53
2460,9611.29
2461,9576.13
2462,9666.14
2463,9757.54
2464,9842.63
2465,9851.12
2466,9824.32
2467,9817.75
2468,9774.72
2469,9703.51
2470,9763.48
2471,9687.31
2472,9751.24
2473,9753.04
2474,9622.11
2475,9409.75
2476,9344.71
2477,9248.65
2478,9141.91
2479,9133.82
2480,9032.19
2481,8853.36
2482,8783.22
2483,8617.41
2484,8399.46
2485,8270.6
2486,8089.61
2487,7946.23
2488,7859.58
2489,7805.5
2490,7805.45
2491,7747.94
2492,7620.45
2493,7462.78
2494,7443.39
2495,7473.38
2496,7453.38
2497,7432.18
2498,7325.45
2499,7277.6
2500,7362.08
2501,7303.61
2502,7281.28
2503,7284.69
2504,7255.01
2505,7306.04
2506,7471.32
2507,7492.41
2508,7809.68
2509,7891.55
2510,7889.94
2511,7906.1
2512,8245.97
2513,8416.04
2514,8428.19
2515,8487.72
2516,8830.14
2517,9024.06
2518,9175.81
2519,9327.31
2520,9551.9
2521,9703.07
2522,9664.33
2523,9792.86
2524,9770.61
2525,9906.1
2526,10118.01
2527,10131.78
2528,10277.79
2529,10424.41
2530,10423.53
2531,10265.61
2532,10256.48
2533,10295.95
2534,10346.48
2535,10393.01
2536,10203.85
2537,10084.22
2538,10110.43
2539,10064.33
2540,10029.1
2541,9939.7
2542,9928.68
2543,9927.19
2544,9912.11
2545,9866.44
2546,9918.09
2547,9865.97
2548,9902.69
2549,9827.43
2550,9760.41
2551,9702.11
2552,9630.52
2553,9555.19
2554,9585.01
2555,9590.01
2556,9599.05
2557,9643.07
2558,9684.88
2559,9749.5
2560,9810.06
2561,9824.29
2562,9776.55
2563,9733.32
2564,9593.43
2565,9572.8
2566,9648.35
2567,9600.82
2568,9546.27
2569,9316.17
2570,9214.74
2571,9243.44
2572,9306.65
2573,9221.4
2574,9167.0
2575,9101.42
2576,9092.63
2577,9124.41
2578,8921.58
2579,8843.66
2580,8683.57
2581,8597.83
2582,8373.96
2583,8275.23
2584,8218.67
2585,8060.94
2586,8024.19
2587,7893.21
2588,7830.65
2589,7850.52
2590,7750.27
2591,7620.49
2592,7452.95
2593,7434.58
2594,7358.6
2595,7270.97
2596,7215.33
2597,7134.17
2598,7149.91
2599,7210.69
2600,7147.67
2601,7128.23
2602,7108.47
2603,7203.74
2604,7306.87
2605,7409.4
2606,7521.28
2607,7550.31
2608,8062.1
2609,8268.17
2610,8304.23
2611,8466.18
2612,8751.58
2613,9007.04
2614,9208.67
2615,9350.66
2616,9524.0
2617,9617.92
2618,9704.77
2619,9762.21
2620,9862.81
2621,10034.26
2622,10159.91
2623,10214.03
2624,10119.11
2625,10138.6
2626,10127.63
2627,10108.22
2628,10113.24
2629,10149.49
2630,10266.96
2631,10357.7
2632,10330.64
2633,10517.41
2634,10509.95
2635,10649.83
2636,10536.78
2637,10487.36
2638,10434.67
2639,10400.72
2640,10363.59
2641,10160.89
2642,9970.77
2643,10023.34
2644,9982.47
2645,9859.35
2646,9802.18
2647,9664.62
2648,9502.51
2649,9477.91
2650,9519.86
2651,9436.73
2652,9351.61
2653,9265.41
2654,9271.9
2655,9341.47
2656,9454.01
2657,9488.67
2658,9467.84
2659,9525.75
2660,9368.06
2661,9392.02
2662,9433.36
2663,9361.87
2664,9347.02
2665,9367.14
2666,9207.27
2667,9203.36
2668,9285.61
2669,9233.05
2670,9168.19
2671,9105.42
2672,8867.78
2673,8794.05
2674,8643.98
2675,8572.44
2676,8558.71
2677,8358.21
2678,8148.63
2679,7966.51
2680,7900.41
2681,7676.52
2682,7581.56
2683,7586.06
2684,7500.04
2685,7457.04
2686,7434.41
2687,7331.12
2688,7422.43
2689,7392.66
2690,7413.2
2691,7364.82
2692,7330.79
2693,7409.29
2694,7382.81
2695,7301.63
2696,7385.39
2697,7326.99
2698,7365.04
2699,7386.88
2700,7539.08
2701,7623.39
2702,7582.87
2703,7822.39
2704,8090.63
2705,8275.46
2706,8347.47
2707,8393.21
2708,8627.41
2709,8847.62
2710,9067.26
2711,9311.21
2712,9377.93
2713,9469.15
2714,9592.98
2715,9412.53
2716,9982.05
2717,10292.5
2718,10296.15
2719,10187.84
2720,10118.65
2721,10065.0
2722,10082.81
2723,10037.59
2724,9997.58
2725,9932.08
2726,9909.86
2727,9773.31
2728,9688.03
2729,9717.72
2730,9744.42
2731,9772.79
2732,9899.17
2733,9921.07
2734,9934.23
2735,9946.94
2736,10023.23
2737,10100.76
2738,10060.55
2739,10048.91
2740,9967.6
2741,9836.13
2742,9872.65
2743,9772.48
2744,9833.88
2745,9835.97
2746,9956.97
2747,9939.2
2748,9891.11
2749,9807.48
2750,9883.01
2751,9830.51
2752,9799.78
2753,9763.03
2754,9766.1
2755,9762.82
2756,9615.21
2757,9662.48
2758,9539.85
2759,9396.98
2760,9431.48
2761,9340.28
2762,9340.93
2763,9242.45
2764,9187.05
2765,9271.14
2766,9126.45
2767,8998.27
2768,8906.13
2769,8798.25
2770,8595.44
2771,8574.81
2772,8593.15
2773,8306.36
2774,8072.05
2775,7986.88
2776,7836.68
2777,7901.2
2778,7631.47
2779,7527.27
2780,7416.01
2781,7487.77
2782,7401.89
2783,7247.4
2784,7282.53
2785,7205.86
2786,7188.58
2787,7170.67
2788,7242.31
2789,7099.98
2790,7149.51
2791,7056.41
2792,7040.55
2793,6994.46
2794,7045.51
2795,7139.66
2796,7149.16
2797,7183.01
2798,7174.95
2799,7139.62
2800,7284.11
2801,7285.48
2802,7412.32
2803,7361.61
2804,7311.09
2805,7429.42
2806,7489.38
2807,7559.93
2808,7741.58
2809,7848.14
2810,7883.82
2811,7951.35
2812,8192.51
2813,8304.2
2814,8352.42
2815,8216.75
2816,8314.36
2817,8408.3
2818,8454.95
2819,8483.11
2820,8479.23
2821,8465.96
2822,8565.61
2823,8690.1
2824,8812.22
2825,8929.6
2826,9077.67
2827,9289.36
2828,9293.49
2829,9233.22
2830,9306.22
2831,9146.59
2832,9086.25
2833,9193.17
2834,9087.49
2835,8767.71
2836,8875.78
2837,8796.27
2838,8439.24
2839,8196.96
2840,8208.38
2841,8263.85
2842,8314.85
2843,8212.97
2844,8374.0
2845,8473.88
2846,8408.45
2847,8336.59
2848,8465.95
2849,8580.86
2850,8717.44
2851,8821.09
2852,8798.65
2853,8820.88
2854,8885.77
2855,8802.65
2856,8642.25
2857,8637.32
2858,8690.43
2859,8693.95
2860,8675.46
2861,8703.82
2862,8574.72
2863,8472.08
2864,8335.32
2865,8292.42
2866,8207.2
2867,8075.42
2868,8012.72
2869,7902.7
2870,7848.08
2871,7773.78
2872,7693.71
2873,7859.3
2874,7899.42
2875,7693.29
2876,7683.29
2877,7494.43
2878,7519.33
2879,7395.34
2880,7219.02
2881,7070.38
2882,6858.49
2883,6822.03
2884,6726.98
2885,6602.17
2886,6499.95
2887,6451.68
2888,6574.52
2889,6590.39
2890,6627.15
2891,6736.77
2892,6782.57
2893,6850.47
2894,6915.73
2895,6901.11
2896,7043.64
2897,7002.82
2898,7009.28
2899,6945.23
2900,6911.8
2901,7011.34
2902,7194.86
2903,7263.6
2904,7238.56
2905,7427.61
2906,7542.91
2907,7599.77
2908,7742.69
2909,8050.36
2910,8158.39
2911,8363.2
2912,8291.85
2913,8243.68
2914,8382.32
2915,8395.67
2916,8484.82
2917,8516.28
2918,8554.68
2919,8618.23
2920,8586.58
2921,8516.1
2922,8416.69
2923,8423.33
2924,8311.13
2925,8159.38
2926,8239.99
2927,8335.86
2928,8414.16
2929,8493.92
2930,8450.77
2931,8517.56
2932,8441.73
2933,8327.57
2934,8251.09
2935,8096.26
2936,7948.48
2937,8040.15
2938,7782.09
2939,7719.0
2940,7946.73
2941,8039.44
2942,8157.68
2943,8297.51
2944,8471.26
2945,8421.53
2946,8528.86
2947,8627.5
2948,8714.92
2949,8591.52
2950,8502.88
2951,8437.44
2952,8480.14
2953,8471.18
2954,8474.11
2955,8564.11
2956,8612.48
2957,8570.53
2958,8379.39
2959,8370.84
2960,8263.34
2961,8180.41
2962,8085.38
2963,7976.28
2964,7925.82
2965,7867.84
2966,7792.16
2967,7637.17
2968,7691.24
2969,7537.47
2970,7511.23
2971,7489.64
2972,7337.33
2973,7332.16
2974,7305.39
2975,7300.85
