,Prediction
0,7003.379300000003
1,6972.1316000000015
2,6925.416399999998
3,6896.464000000002
4,6990.2374
5,7026.122400000001
6,7010.600399999998
7,7017.814
8,6819.635000000001
9,6840.590500000002
10,6843.726000000001
11,6848.454900000001
12,6886.7276
13,6950.452000000006
14,6998.822100000002
15,7029.147500000001
16,7203.069
17,7334.870400000003
18,7454.593900000002
19,7572.684200000002
20,7784.192500000001
21,7909.509300000002
22,8000.797499999997
23,8116.209500000001
24,8268.198299999996
25,8360.102799999999
26,8437.539400000001
27,8479.2842
28,8697.197699999997
29,8775.7896
30,8812.505600000002
31,8886.048399999998
32,9200.900699999997
33,9268.423900000002
34,9279.937699999995
35,9296.981799999998
36,9507.985199999997
37,9475.081600000005
38,9406.864899999997
39,9409.799599999991
40,9506.454999999993
41,9495.888500000001
42,9418.8393
43,9442.024799999994
44,9107.0376
45,9082.471800000001
46,9068.1767
47,9040.643999999998
48,8982.573799999998
49,8968.8325
50,8933.393600000003
51,8928.647500000003
52,8904.929799999998
53,8901.058699999998
54,8895.236999999997
55,8881.382400000004
56,8739.0067
57,8723.772200000001
58,8700.077000000005
59,8717.889700000007
60,8442.859299999996
61,8451.059699999998
62,8429.001500000002
63,8409.8045
64,8514.305599999996
65,8545.668399999997
66,8535.401600000003
67,8510.181999999997
68,9003.539999999997
69,9059.719200000003
70,9050.979100000002
71,9046.710600000006
72,8584.9492
73,8551.5825
74,8508.651099999995
75,8469.329200000002
76,8180.353
77,8144.157900000004
78,8122.9481
79,8102.333399999996
80,8147.857568627452
81,8141.175660784311
82,8120.485052941175
83,8091.055945098035
84,8021.169900000001
85,7901.727199999997
86,7755.909600000001
87,7644.533899999997
88,7537.263199999998
89,7442.9297
90,7342.000700000004
91,7269.8062000000045
92,7148.9901000000045
93,7078.737000000002
94,7037.4867
95,6979.863700000003
96,6850.46
97,6805.105399999997
98,6770.032200000002
99,6758.734900000006
100,6686.211599999998
101,6679.088400000002
102,6644.9411
103,6623.344299999997
104,6648.7444000000005
105,6663.108699999998
106,6662.0607999999975
107,6656.948099999997
108,6578.6888
109,6652.5007
110,6686.9556999999995
111,6741.436600000003
112,6607.568899999995
113,6670.734600000003
114,6719.8232000000025
115,6758.7502
116,6881.109999999997
117,6961.988700000003
118,7028.637099999995
119,7113.877400000002
120,7373.097500000003
121,7488.464299999997
122,7604.0188
123,7726.767399999999
124,7753.437300000008
125,7835.4776
126,7900.672500000003
127,7974.216799999998
128,8137.860099999998
129,8254.176899999999
130,8335.3758
131,8399.401100000003
132,8179.679099999993
133,8201.380700000003
134,8207.477599999997
135,8199.607299999998
136,8468.696499999998
137,8491.381100000002
138,8500.3011
139,8484.6729
140,8466.458821568625
141,8455.003817647057
142,8411.131413725489
143,8397.894109803921
144,8068.499499999996
145,8017.915300000007
146,7990.3708000000015
147,7947.117000000001
148,7789.346600000001
149,7795.0229
150,7781.229500000004
151,7784.438500000001
152,8079.842500000002
153,8136.252999999998
154,8175.147400000001
155,8250.900300000003
156,8070.835100000001
157,8145.025199999998
158,8203.156800000004
159,8274.550700000003
160,8086.730300000003
161,8134.1979999999985
162,8176.410500000002
163,8205.509799999998
164,8100.995899999998
165,8137.2140999999965
166,8142.911000000004
167,8162.843899999998
168,7814.967000000001
169,7805.566900000001
170,7802.7396000000035
171,7804.508099999997
172,7648.651299999999
173,7665.3547
174,7665.765100000002
175,7667.673999999998
176,7502.215141176468
177,7510.127127450979
178,7487.788713725487
179,7496.364099999998
180,7383.672999999999
181,7309.121899999997
182,7211.470100000003
183,7172.2261999999955
184,7065.772400000003
185,7039.3148999999985
186,6980.298900000003
187,6899.041800000006
188,6759.945100000001
189,6709.127999999998
190,6671.859899999995
191,6636.221700000002
192,6512.1557
193,6520.0206
194,6502.865200000003
195,6451.420099999998
196,6286.888699999999
197,6289.828199999996
198,6327.484200000001
199,6342.971699999997
200,6217.659499999997
201,6230.077500000001
202,6278.544100000004
203,6261.852899999999
204,6272.599400000001
205,6328.937599999999
206,6367.451900000004
207,6350.187799999999
208,6203.5045999999975
209,6260.7634
210,6306.144200000005
211,6309.480299999999
212,6422.906599999999
213,6521.611400000002
214,6590.851899999998
215,6605.174300000001
216,6688.2885
217,6810.240899999997
218,6912.677900000001
219,6985.7959
220,7126.753600000008
221,7226.2732999999935
222,7331.150699999998
223,7460.943699999995
224,7436.0396000000055
225,7531.159099999998
226,7632.420599999999
227,7722.995000000001
228,7844.5876
229,7924.8454999999985
230,7977.627500000003
231,8035.300899999995
232,8045.082100000003
233,8059.051000000002
234,8064.183899999996
235,8053.036800000001
236,7769.8144509804015
237,7752.940923529408
238,7743.133296078434
239,7729.810168627449
240,7476.0068
241,7487.230699999998
242,7482.541899999997
243,7502.120300000001
244,7503.105999999999
245,7524.9253
246,7509.590699999995
247,7536.361700000001
248,7440.352099999996
249,7487.606699999999
250,7520.474599999999
251,7563.479500000002
252,7547.859499999999
253,7601.638900000002
254,7617.1594000000005
255,7669.401500000003
256,7772.795800000002
257,7866.113100000003
258,7926.142400000002
259,7988.367800000003
260,7709.120199999999
261,7732.948800000001
262,7734.001400000001
263,7745.041900000002
264,7810.050100000002
265,7823.433300000004
266,7841.438500000003
267,7851.208200000003
268,7577.8910000000005
269,7621.029400000005
270,7611.537500000003
271,7637.2460999999985
272,7830.8915755141115
273,7848.0396861788595
274,7825.053996843614
275,7803.461907508368
276,7658.713595121954
277,7565.443143902441
278,7476.188892682926
279,7387.190041463418
280,7251.569100000002
281,7183.9125
282,7080.269999999999
283,6994.640099999999
284,6898.450500000003
285,6860.148400000005
286,6848.402400000003
287,6808.748999999999
288,6646.731900000004
289,6634.395599999998
290,6591.9070999999985
291,6536.490199999999
292,6429.355000000003
293,6405.431500000001
294,6404.095
295,6372.164799999999
296,6433.923200000003
297,6488.988899999996
298,6507.394
299,6513.922
300,6624.292399999998
301,6717.134100000007
302,6784.2007
303,6857.3700999999965
304,6850.937699999998
305,6952.008399999997
306,7043.591100000003
307,7088.932299999999
308,7491.893499999997
309,7587.955400000003
310,7717.8512
311,7833.444099999996
312,8210.267499999998
313,8338.732899999997
314,8437.819300000005
315,8512.5867
316,8690.054599999998
317,8757.257299999997
318,8774.720500000003
319,8838.011099999996
320,9221.6362
321,9306.785700000002
322,9333.9573
323,9360.498799999998
324,9206.5257
325,9197.545500000004
326,9176.925699999998
327,9177.878499999999
328,9409.349100000001
329,9375.431400000003
330,9337.372599999999
331,9346.4628
332,9379.918499999996
333,9357.7291
334,9304.234900000001
335,9323.61629999999
336,9493.3244
337,9447.721300000003
338,9386.342700000001
339,9343.700599999996
340,9356.799100000002
341,9318.475099999996
342,9292.046200000003
343,9295.7956
344,9219.055
345,9219.2826
346,9194.568899999998
347,9185.706200000002
348,9068.726499999997
349,9079.309699999998
350,9075.938900000001
351,9095.9788
352,9010.3992
353,9040.025400000004
354,9026.052700000002
355,9025.928200000002
356,8845.7223
357,8819.860700000005
358,8787.021700000001
359,8764.933100000002
360,8800.6232
361,8787.751499999998
362,8757.523899999998
363,8716.737800000003
364,8467.705099999997
365,8462.225200000003
366,8434.642399999999
367,8407.6334
368,8415.070200000004
369,8409.6759
370,8379.250499999996
371,8354.783500000001
372,8191.009800000009
373,8094.039800000001
374,7971.430599999998
375,7848.493000000001
376,7654.265
377,7564.5189
378,7488.727200000005
379,7399.322799999999
380,7154.060400000001
381,7073.424700000002
382,7036.342000000001
383,6986.974400000004
384,6910.848500000002
385,6845.485400000004
386,6837.331200000001
387,6839.733999999996
388,6696.572400000001
389,6674.957699999999
390,6659.494599999998
391,6627.7389
392,6670.5104999999985
393,6685.572600000001
394,6678.6631
395,6684.6587999999965
396,6826.4490000000005
397,6917.430799999998
398,6965.4051999999965
399,7013.736299999998
400,7101.869500000002
401,7229.224
402,7342.8338
403,7446.818099999997
404,7727.491900000003
405,7829.489800000003
406,7924.927899999999
407,8040.025699999999
408,8282.9039
409,8406.374099999999
410,8491.546600000001
411,8552.122799999997
412,8817.499099999997
413,8903.2272
414,8949.495800000002
415,9005.6807
416,9267.2263
417,9313.058700000001
418,9333.191399999998
419,9354.732599999998
420,9427.761599999993
421,9419.901000000005
422,9413.875099999997
423,9438.421399999997
424,9645.025300000007
425,9598.554199999999
426,9571.7446
427,9546.732000000004
428,9723.906100000002
429,9681.544100000005
430,9623.538900000003
431,9613.075200000003
432,9733.334799999997
433,9675.765900000002
434,9614.080199999999
435,9587.022400000002
436,9691.9836
437,9639.726800000004
438,9569.370300000002
439,9541.797700000003
440,9505.016999999998
441,9497.523900000006
442,9485.056100000002
443,9493.4682
444,9322.0827
445,9379.854400000004
446,9373.630500000001
447,9399.6136
448,9425.600100000005
449,9429.338699999998
450,9408.760199999995
451,9429.7553
452,9338.840400000001
453,9282.1323
454,9206.576500000003
455,9156.131899999998
456,9031.917800000003
457,8985.0571
458,8948.169000000004
459,8899.983799999998
460,8736.653000000002
461,8698.266800000001
462,8674.645400000003
463,8637.1499
464,8669.919600000001
465,8656.186099999997
466,8631.485700000001
467,8588.601700000003
468,8451.4842
469,8352.386399999996
470,8216.1418
471,8113.8383
472,8007.472899999999
473,7914.258000000006
474,7790.718699999997
475,7703.035899999999
476,7598.976
477,7558.989999999999
478,7495.263299999999
479,7429.874899999999
480,7023.947700000001
481,6995.000900000002
482,6969.858600000002
483,6961.347900000005
484,6739.116699999998
485,6718.5515000000005
486,6689.523800000003
487,6670.080300000001
488,6702.276799999998
489,6707.168300000004
490,6708.789399999997
491,6725.650599999999
492,6848.718700000003
493,6940.650600000002
494,6996.485099999998
495,7041.922299999998
496,7298.973799999999
497,7443.949800000002
498,7548.392400000003
499,7667.2125
500,8052.946699999997
501,8271.990600000001
502,8394.083400000001
503,8555.9169
504,8418.914999999997
505,8471.404100000005
506,8544.780499999995
507,8615.631200000002
508,8927.8055
509,9003.610100000002
510,9057.569799999996
511,9095.094899999996
512,9290.874111764702
513,9296.923207843141
514,9324.014303921567
515,9356.358400000001
516,9270.884223529407
517,9270.04351568628
518,9230.671407843143
519,9237.234999999997
520,9737.212200000002
521,9701.987199999998
522,9666.6928
523,9659.499700000004
524,9394.187299999996
525,9377.877000000002
526,9340.489999999998
527,9354.410799999998
528,9321.9455
529,9262.706599999992
530,9243.807099999998
531,9244.424699999996
532,9228.616699999999
533,9224.656500000003
534,9187.591
535,9182.504100000002
536,9252.678600000003
537,9263.2713
538,9247.2258
539,9246.8873
540,9367.862900000007
541,9403.629899999998
542,9411.699200000003
543,9452.9574
544,9221.636899999998
545,9231.692999999997
546,9202.8798
547,9215.133299999998
548,9018.888799999997
549,8992.808900000002
550,8955.161999999998
551,8916.980300000008
552,8857.2405
553,8816.1697
554,8775.182900000003
555,8734.070100000004
556,8667.5931
557,8645.307999999995
558,8623.6707
559,8619.8492
560,8455.337799999998
561,8439.4548
562,8379.662000000002
563,8351.6205
564,8187.741400000007
565,8101.8937960784315
566,7981.348692156866
567,7864.800788235293
568,7818.710400000002
569,7735.488399999998
570,7623.508099999999
571,7551.730900000003
572,7328.149399999996
573,7273.429699999999
574,7231.5830000000005
575,7184.695199999998
576,7036.866400000003
577,6996.118299999997
578,6987.126799999998
579,6944.304900000004
580,6995.9193
581,7041.4317
582,7022.455099999997
583,7030.970000000001
584,6900.442100000002
585,6913.3373999999985
586,6905.733199999999
587,6908.209400000002
588,6968.986299999998
589,7045.342599999998
590,7098.710499999999
591,7142.7444
592,7319.6369
593,7444.186399999998
594,7541.2342999999955
595,7672.884600000003
596,7839.455799999995
597,7986.060000000001
598,8094.782999999999
599,8230.321900000003
600,8443.147300000002
601,8498.5314
602,8583.4692
603,8670.697699999997
604,9033.215299999996
605,9123.669699999997
606,9156.311299999998
607,9181.481099999997
608,9171.3759
609,9196.7776
610,9202.7661
611,9213.905299999995
612,9594.310000000005
613,9626.889899999998
614,9666.6772
615,9695.988599999997
616,9452.4511
617,9453.162100000001
618,9433.776500000004
619,9425.987699999996
620,9111.252499999995
621,9075.8461
622,9025.6414
623,9000.717899999998
624,9279.148699999996
625,9234.856600000005
626,9174.934399999996
627,9150.547599999998
628,9501.737999999998
629,9473.776700000006
630,9442.038799999998
631,9415.106100000005
632,9057.354700000002
633,9027.855800000001
634,8975.1204
635,8954.946399999997
636,9036.319799999997
637,9054.070899999999
638,9065.797599999998
639,9065.752000000004
640,9146.570300000003
641,9166.580999999998
642,9156.916500000001
643,9175.479500000001
644,9003.1008
645,8973.347899999999
646,8940.1575
647,8907.418600000005
648,8738.5596
649,8686.641599999999
650,8656.599099999996
651,8612.866300000002
652,8625.742500000004
653,8649.500199999995
654,8622.687499999995
655,8584.696300000005
656,8562.637305882356
657,8529.163801960785
658,8476.68569803922
659,8420.711494117646
660,8290.673837254904
661,8201.023133333336
662,8067.732629411767
663,7964.562725490192
664,7754.421300000001
665,7697.931300000001
666,7580.131699999999
667,7506.0860999999995
668,7333.8617
669,7295.239199999997
670,7267.5442
671,7214.441799999995
672,7082.723200000005
673,7032.273499999998
674,7018.743799999999
675,6971.779200000003
676,6986.301399999999
677,7007.324600000002
678,6972.1245
679,6969.677300000005
680,6930.087600000002
681,6941.386000000002
682,6949.693199999998
683,6974.910700000004
684,7059.266699999999
685,7164.917299999997
686,7217.246
687,7295.128200000004
688,7339.928800000003
689,7479.118800000005
690,7590.352300000001
691,7695.838100000003
692,7815.940699999998
693,7935.726099999999
694,8024.969500000002
695,8126.727500000001
696,8301.711400000002
697,8401.562699999995
698,8474.049399999998
699,8533.978899999993
700,8868.3581
701,8947.399400000004
702,8997.551500000003
703,9034.367800000002
704,9040.723000000002
705,9072.490000000002
706,9098.524500000001
707,9184.405900000002
708,9167.9995
709,9156.829600000001
710,9120.107699999999
711,9108.3689
712,9704.788700000001
713,9716.305500000002
714,9736.946199999995
715,9756.272700000005
716,9818.044799999996
717,9801.571999999996
718,9779.132599999999
719,9791.224000000002
720,9932.697699999997
721,9877.941200000003
722,9811.273200000005
723,9778.539699999996
724,9449.464099999997
725,9451.841800000006
726,9430.4827
727,9438.731800000001
728,9172.639700000002
729,9203.8267
730,9187.176799999997
731,9190.390500000001
732,8999.912099999996
733,9031.746799999999
734,9041.116500000004
735,9062.632599999999
736,9027.470599999999
737,9044.789299999999
738,9027.243800000002
739,9025.913700000003
740,8766.757200000004
741,8740.113
742,8706.222100000003
743,8664.474699999999
744,8658.784299999998
745,8618.7589
746,8592.289200000001
747,8548.343200000003
748,8360.824700000001
749,8346.7783
750,8344.959999999994
751,8327.548800000002
752,8364.436837254903
753,8347.792433333336
754,8331.593129411765
755,8294.624825490195
756,8151.392721568628
757,8066.569394117652
758,7961.52426666667
759,7852.538639215687
760,7581.322100000002
761,7488.412900000003
762,7397.2319
763,7321.575600000004
764,7157.121700000002
765,7101.991900000001
766,7054.894699999997
767,6995.846100000003
768,6994.759900000004
769,6966.3506
770,6932.371899999999
771,6913.276800000003
772,6689.862499999999
773,6650.380199999999
774,6632.088499999997
775,6614.358
776,6436.2387000000035
777,6460.1948999999995
778,6458.159500000001
779,6456.9788
780,6424.418799999999
781,6488.979599999999
782,6490.474000000001
783,6511.746799999999
784,6622.297599999994
785,6710.4318
786,6765.225299999999
787,6842.127199999996
788,6822.928999999999
789,6909.4405
790,6983.017199999997
791,7063.267900000001
792,6997.5490999999965
793,7098.010199999997
794,7168.1291999999985
795,7261.022800000001
796,7402.595200000002
797,7496.574100000001
798,7588.065199999995
799,7702.335600000002
800,7945.7956
801,8026.303900000003
802,8067.601300000001
803,8119.207999999997
804,8274.357999999998
805,8274.916899999997
806,8261.484100000001
807,8242.048699999996
808,8557.108900000001
809,8562.093200000001
810,8542.952000000001
811,8553.077200000002
812,8521.726699999997
813,8477.108799999998
814,8415.521000000002
815,8390.285500000002
816,8242.510199999999
817,8219.766599999997
818,8193.186599999997
819,8166.505800000001
820,7970.989100000002
821,7945.174300000002
822,7920.958300000003
823,7913.3039
824,7841.191250980391
825,7848.16012352941
826,7854.39209607843
827,7857.978168627448
828,7969.364899999997
829,8047.778099999999
830,8093.733400000005
831,8180.733900000001
832,8312.927885365852
833,8374.636209756096
834,8367.204534146344
835,8338.566758536583
836,8160.211363414634
837,8188.653536585366
838,8185.939409756097
839,8202.41288292683
840,7726.971899999999
841,7726.510499999997
842,7745.313300000004
843,7715.688899999997
844,7726.100299999995
845,7767.828699999999
846,7804.890099999999
847,7797.727599999992
848,7731.470770588232
849,7731.040930033479
850,7742.622689478715
851,7740.754848923958
852,7486.567395121953
853,7425.178343902441
854,7331.756992682932
855,7279.214041463419
856,7286.304900000002
857,7212.4769
858,7128.229100000001
859,7058.274700000004
860,6773.195899999997
861,6740.547599999999
862,6685.589599999998
863,6673.841699999999
864,6516.016700000002
865,6527.102300000001
866,6491.028400000002
867,6456.6770000000015
868,6417.264100000003
869,6429.9429
870,6423.245499999998
871,6433.221300000002
872,6422.15
873,6458.2105999999985
874,6451.162299999999
875,6481.300199999998
876,6410.799399999998
877,6496.921099999996
878,6534.0612999999985
879,6587.5349000000015
880,6424.849499999999
881,6516.327600000001
882,6566.475199999999
883,6601.0752
884,6535.012599999999
885,6653.329100000003
886,6733.5534
887,6805.0567999999985
888,6631.624599999998
889,6746.953499999998
890,6806.245199999999
891,6881.336399999992
892,7031.189299999997
893,7134.139899999997
894,7228.714800000001
895,7310.494600000001
896,7687.110837254901
897,7761.9554098039225
898,7804.659982352945
899,7850.489354901967
900,8092.233999999996
901,8097.984599999995
902,8124.6105000000025
903,8122.173799999999
904,8315.677700000004
905,8327.666500000003
906,8322.299900000007
907,8310.469999999996
908,7860.420200000005
909,7843.872099999999
910,7802.823900000001
911,7782.270400000003
912,7557.309099999998
913,7596.6895
914,7592.0261
915,7590.889799999999
916,7458.4734000000035
917,7472.012399999999
918,7454.8319999999985
919,7474.595999999999
920,7530.985499999998
921,7588.911799999999
922,7616.4949
923,7659.802
924,7559.441
925,7621.298199999999
926,7639.3666
927,7682.981900000004
928,7481.940399999998
929,7559.601399999999
930,7611.0180999999975
931,7670.086699999996
932,7763.853799999996
933,7804.451999999995
934,7834.710800000002
935,7862.779999999998
936,7903.097200000006
937,7921.385199999999
938,7944.359800000001
939,7941.959599999998
940,7735.529770588237
941,7751.10045686275
942,7776.96344313726
943,7771.693429411763
944,7673.523800000003
945,7665.677048780486
946,7662.857797560973
947,7655.83664634146
948,7543.309485365857
949,7479.509356097563
950,7387.437226829267
951,7338.475797560976
952,7137.508700000002
953,7087.329600000001
954,7008.401600000001
955,6927.0097000000005
956,6894.621400000004
957,6858.039399999996
958,6830.198499999999
959,6808.136799999999
960,6720.551700000004
961,6696.346899999999
962,6656.553199999998
963,6646.127099999994
964,6540.7977
965,6541.851000000001
966,6532.4624
967,6530.543100000002
968,6570.581199999999
969,6581.932800000001
970,6589.6113000000005
971,6591.203999999999
972,6759.9223999999995
973,6844.577600000002
974,6919.613399999998
975,6982.9673999999995
976,7155.043200000003
977,7285.826199999997
978,7412.672599999998
979,7532.867799999999
980,7752.7345
981,7884.905199999999
982,7965.049599999996
983,8077.833
984,8497.840699999999
985,8565.057900000003
986,8652.2464
987,8723.200099999998
988,9059.913299999993
989,9162.0995
990,9214.124
991,9241.687
992,9559.743299999996
993,9623.702099999997
994,9682.454900000002
995,9733.261399999994
996,9655.717500000002
997,9662.283300000001
998,9661.300000000003
999,9683.629600000004
1000,10002.06320000001
1001,9972.0714
1002,9945.6884
1003,9970.365999999995
1004,9810.666000000003
1005,9801.655299999999
1006,9764.500500000002
1007,9763.128500000006
1008,9630.750099999997
1009,9587.761400000003
1010,9528.853500000001
1011,9495.009999999993
1012,9597.081399999997
1013,9596.743399999996
1014,9572.053300000001
1015,9552.5277
1016,9406.650600000004
1017,9414.6669
1018,9395.771299999995
1019,9432.826700000003
1020,9155.872899999998
1021,9189.281
1022,9175.399800000001
1023,9213.7299
1024,9046.521799999999
1025,9064.614200000002
1026,9082.058699999998
1027,9088.328600000003
1028,8901.4322
1029,8882.176800000001
1030,8869.570800000001
1031,8855.289899999996
1032,8821.743699999997
1033,8793.566299999999
1034,8758.064399999997
1035,8723.0161
1036,8479.980099999997
1037,8471.966299999998
1038,8439.300199999996
1039,8412.271
1040,8361.179000000002
1041,8362.8299
1042,8336.3565
1043,8289.594900000002
1044,8080.949268627452
1045,7996.588141176471
1046,7894.641513725488
1047,7799.65898627451
1048,7656.737800000002
1049,7582.2668243902435
1050,7506.880348780488
1051,7441.270573170734
1052,7322.103800000001
1053,7245.166999999998
1054,7205.602100000002
1055,7164.517000000002
1056,7008.254999999997
1057,6988.9776
1058,6965.941800000003
1059,6938.773900000004
1060,6905.214100000003
1061,6870.551999999997
1062,6845.377499999999
1063,6836.660200000002
1064,6762.926800000002
1065,6751.9719999999925
1066,6743.819100000001
1067,6737.5185
1068,6994.151599999998
1069,7107.879799999996
1070,7174.679400000001
1071,7259.444999999999
1072,7330.7051
1073,7481.5776000000005
1074,7578.047999999999
1075,7710.676000000001
1076,8048.661100000002
1077,8237.8553
1078,8342.696800000003
1079,8481.557100000002
1080,8504.069400000002
1081,8564.949099999998
1082,8647.203
1083,8722.065899999998
1084,9208.8493
1085,9305.616600000001
1086,9330.043800000001
1087,9403.291299999999
1088,9488.6334
1089,9519.309299999997
1090,9555.507300000003
1091,9593.434699999996
1092,9511.2847
1093,9496.735400000001
1094,9453.650599999999
1095,9460.806499999999
1096,10041.364900000002
1097,10016.0963
1098,9972.7249
1099,9988.377
1100,10367.551899999999
1101,10307.017
1102,10258.883000000002
1103,10268.805200000004
1104,9937.147500000006
1105,9964.689299999996
1106,9915.214900000006
1107,9899.960999999998
1108,9762.462699999996
1109,9772.081699999999
1110,9752.547199999997
1111,9758.7671
1112,9599.7539
1113,9602.6155
1114,9584.389500000003
1115,9584.8096
1116,9323.282900000002
1117,9353.668600000003
1118,9374.6562
1119,9421.107499999998
1120,9184.699900000005
1121,9187.511899999998
1122,9170.5859
1123,9178.2953
1124,9040.263199999998
1125,9026.820200000006
1126,8998.912799999998
1127,8958.885300000002
1128,9004.387799999999
1129,8921.9974
1130,8873.6398
1131,8839.348100000001
1132,8711.6047
1133,8669.015400000004
1134,8639.482799999998
1135,8598.674900000002
1136,8560.601600000004
1137,8559.773600000004
1138,8511.481800000001
1139,8466.853799999999
1140,8201.029400000001
1141,8109.431799999999
1142,7993.840900000002
1143,7891.896700000001
1144,7714.058299999999
1145,7650.234200000002
1146,7556.590300000002
1147,7491.221300000001
1148,7332.187199999998
1149,7280.712200000002
1150,7249.037799999999
1151,7198.699900000001
1152,7040.3717
1153,6999.829299999997
1154,6991.3272
1155,6958.892999999997
1156,6913.570700000004
1157,6877.534800000001
1158,6858.982099999999
1159,6862.815500000002
1160,6888.163799999998
1161,6891.8651999999975
1162,6898.936800000001
1163,6921.427400000004
1164,6966.922499999998
1165,7051.220699999996
1166,7089.332699999998
1167,7138.153900000001
1168,7318.8476
1169,7463.533799999999
1170,7568.191099999997
1171,7693.536700000001
1172,7916.763500000002
1173,8072.504900000003
1174,8186.4112
1175,8321.739700000004
1176,8460.608099999996
1177,8537.413500000004
1178,8612.483599999996
1179,8688.056499999997
1180,8953.817399999998
1181,9007.306600000004
1182,9067.3353
1183,9103.963299999998
1184,9297.602947058827
1185,9323.360031372553
1186,9342.116215686267
1187,9372.383199999997
1188,9542.112200000001
1189,9535.1359
1190,9529.919000000002
1191,9556.325899999993
1192,9576.0698
1193,9536.577500000001
1194,9505.771899999998
1195,9472.259899999997
1196,9570.464800000002
1197,9526.325699999996
1198,9470.066599999996
1199,9454.483699999999
1200,9449.231099999994
1201,9466.013800000008
1202,9420.610299999995
1203,9434.384399999995
1204,9177.572999999999
1205,9135.335100000002
1206,9102.700200000003
1207,9101.536299999998
1208,8955.140699999996
1209,8953.761499999999
1210,8957.515199999998
1211,8960.083200000001
1212,9319.7202
1213,9384.100300000002
1214,9391.675600000002
1215,9414.1504
1216,9223.623911764711
1217,9195.961707843137
1218,9156.749703921572
1219,9134.273499999998
1220,9138.716100000003
1221,9101.333600000004
1222,9060.338300000001
1223,9036.208899999998
1224,8725.813999999998
1225,8697.390099999999
1226,8670.463100000004
1227,8633.049199999994
1228,8341.327700000002
1229,8352.542099999999
1230,8353.927899999999
1231,8335.718700000003
1232,8569.964305882353
1233,8581.022401960789
1234,8543.286998039217
1235,8502.732794117645
1236,8355.960337254903
1237,8269.997033333339
1238,8140.062729411768
1239,8037.5990254902
1240,7737.080600000002
1241,7651.814100000001
1242,7560.672599999998
1243,7490.590199999999
1244,7143.798100000003
1245,7072.128500000001
1246,7023.055799999995
1247,6978.829300000001
1248,6902.3690000000015
1249,6849.609199999999
1250,6829.560499999996
1251,6832.885700000001
1252,6847.7977
1253,6850.3491
1254,6805.115999999996
1255,6830.2206000000015
1256,6945.0338
1257,6984.979900000005
1258,6993.433000000001
1259,7030.829799999999
1260,7002.36
1261,7116.309399999999
1262,7171.329699999999
1263,7232.464199999999
1264,7279.0867000000035
1265,7402.272100000002
1266,7489.663
1267,7614.544400000002
1268,8045.228100000005
1269,8243.0598
1270,8372.1935
1271,8510.3487
1272,8666.741699999999
1273,8803.454199999998
1274,8927.058499999992
1275,9045.083999999993
1276,9195.8471
1277,9283.680100000001
1278,9335.8094
1279,9405.0636
1280,9708.023199999998
1281,9738.261800000002
1282,9789.9724
1283,9820.4946
1284,9774.7252
1285,9754.111500000003
1286,9707.169600000001
1287,9702.211100000004
1288,9843.8518
1289,9817.6364
1290,9778.643099999994
1291,9786.710300000002
1292,9682.7875
1293,9627.635499999999
1294,9564.1586
1295,9541.387599999996
1296,9401.159000000003
1297,9400.725100000005
1298,9367.612
1299,9385.668599999995
1300,9343.005499999996
1301,9312.5724
1302,9281.302599999997
1303,9266.422299999998
1304,9269.973499999998
1305,9304.007400000004
1306,9295.991599999996
1307,9318.3536
1308,9152.8965
1309,9168.277699999999
1310,9152.106300000003
1311,9189.003799999999
1312,9163.978800000006
1313,9163.057599999995
1314,9142.4802
1315,9168.808900000004
1316,9145.784099999997
1317,9118.065899999998
1318,9052.986700000003
1319,9035.125400000003
1320,9082.9251
1321,9046.428100000001
1322,8973.387299999999
1323,8943.460399999996
1324,8602.6186
1325,8560.504500000005
1326,8513.260600000001
1327,8469.526899999999
1328,8641.565300000002
1329,8578.116299999998
1330,8525.121599999997
1331,8465.8352
1332,8520.421499999997
1333,8406.935699999996
1334,8274.190299999993
1335,8163.472299999997
1336,7984.935368627448
1337,7937.099360784316
1338,7794.576552941173
1339,7699.294445098036
1340,7557.011200000004
1341,7503.6543999999985
1342,7438.788700000001
1343,7386.4559999999965
1344,7172.1073
1345,7117.243200000002
1346,7086.386699999999
1347,7043.305599999998
1348,7053.560099999997
1349,7057.650299999997
1350,7030.534100000001
1351,7028.1587
1352,6925.730800000002
1353,6908.3168
1354,6891.165200000001
1355,6891.565399999998
1356,6992.947500000002
1357,7080.684499999998
1358,7146.8884
1359,7178.242099999996
1360,7622.770499999995
1361,7826.1356
1362,7981.060099999999
1363,8158.125200000001
1364,8213.1177
1365,8426.8811
1366,8578.279600000002
1367,8733.314500000002
1368,8944.072600000001
1369,9107.346900000006
1370,9231.664400000001
1371,9314.197800000009
1372,9429.7859
1373,9517.107500000004
1374,9584.014199999996
1375,9641.620499999997
1376,9583.097799999996
1377,9606.428700000004
1378,9647.502099999998
1379,9675.759399999995
1380,9857.8208
1381,9878.721799999996
1382,9882.910800000001
1383,9926.306300000002
1384,9830.797100000002
1385,9848.4449
1386,9848.5304
1387,9871.1975
1388,9488.5711
1389,9461.5698
1390,9439.111700000001
1391,9411.783200000002
1392,9790.687199999995
1393,9754.170799999998
1394,9685.4546
1395,9651.943100000002
1396,9864.827700000002
1397,9830.961499999994
1398,9794.684799999997
1399,9806.683600000002
1400,9739.863999999996
1401,9717.6744
1402,9670.773300000006
1403,9659.011200000006
1404,9219.223300000001
1405,9223.329200000007
1406,9233.7471
1407,9254.000799999998
1408,9168.7866
1409,9198.531299999999
1410,9164.944500000001
1411,9213.9372
1412,9036.693099999997
1413,9044.315200000003
1414,9027.2153
1415,9013.4489
1416,8741.896
1417,8699.511300000002
1418,8686.908600000006
1419,8641.936800000001
1420,8475.2981
1421,8436.969899999998
1422,8417.4968
1423,8383.859499999999
1424,8526.919221568627
1425,8530.672017647055
1426,8496.613513725486
1427,8442.25180980392
1428,7988.755184313726
1429,7903.970080392155
1430,7761.926776470587
1431,7671.068172549023
1432,7407.777700000001
1433,7328.4986
1434,7259.387400000001
1435,7178.509500000004
1436,6985.415499999999
1437,6936.699300000003
1438,6892.232800000001
1439,6872.370299999998
1440,6779.567799999999
1441,6747.665799999996
1442,6708.2414
1443,6689.1427
1444,6791.825499999997
1445,6783.664799999999
1446,6763.556999999998
1447,6766.583999999995
1448,6756.199700000001
1449,6808.038400000001
1450,6831.314999999999
1451,6868.2528
1452,6817.475400000003
1453,6932.392200000003
1454,6959.8092999999935
1455,7009.100199999998
1456,6805.810799999999
1457,6887.121900000004
1458,6944.6404
1459,7006.7533
1460,6837.112400000001
1461,6915.872700000006
1462,6983.090199999999
1463,7047.792599999994
1464,7347.764000000004
1465,7467.891000000003
1466,7567.6014000000005
1467,7685.5049999999965
1468,7886.041199999999
1469,7999.612999999999
1470,8074.589799999998
1471,8151.293199999997
1472,8650.574400000001
1473,8760.493800000002
1474,8855.031099999998
1475,8957.826899999996
1476,8810.896000000002
1477,8819.019600000001
1478,8823.457299999998
1479,8835.729299999999
1480,9018.109300000004
1481,9039.577100000002
1482,9068.417800000001
1483,9083.556999999999
1484,8617.459799999993
1485,8565.447900000001
1486,8502.650399999999
1487,8450.5548
1488,8601.832699999997
1489,8558.7778
1490,8533.0859
1491,8515.7784
1492,8680.806100000002
1493,8673.56
1494,8661.802500000003
1495,8643.5691
1496,8355.924900000002
1497,8337.310400000002
1498,8331.149100000002
1499,8313.276700000006
1500,8116.762087804876
1501,8146.720512195121
1502,8141.906236585368
1503,8170.542360975611
1504,8041.291900000003
1505,8074.8135
1506,8103.6456
1507,8145.600099999998
1508,8265.853758536587
1509,8322.632631707318
1510,8356.004404878047
1511,8366.83837804878
1512,8143.22805121951
1513,8142.099648780489
1514,8119.19274634146
1515,8120.350843902444
1516,8011.062000000004
1517,8031.994900000002
1518,8021.2304
1519,8000.9606
1520,7881.027745098039
1521,7893.399331372551
1522,7875.094817647059
1523,7859.273503921571
1524,7689.447480487806
1525,7623.0842780487765
1526,7551.955775609753
1527,7469.720473170735
1528,7310.703700000002
1529,7197.399
1530,7113.156799999996
1531,7035.0635
1532,6961.780699999998
1533,6943.554399999997
1534,6898.319000000001
1535,6848.067400000001
1536,6791.6845
1537,6771.850499999997
1538,6739.601699999998
1539,6733.799400000002
1540,6688.5562
1541,6674.240700000003
1542,6670.289999999996
1543,6678.081700000001
1544,6608.896600000002
1545,6643.467799999999
1546,6638.5085
1547,6637.778300000001
1548,6628.498999999998
1549,6680.254200000007
1550,6711.646199999999
1551,6738.855899999995
1552,6767.1801000000005
1553,6846.188200000005
1554,6932.724099999998
1555,6988.198100000001
1556,6816.859900000001
1557,6892.485699999999
1558,6972.479299999999
1559,7049.850300000002
1560,7359.382500000002
1561,7509.2368
1562,7602.776000000005
1563,7743.573699999997
1564,7807.294800000003
1565,7924.027899999998
1566,8006.564999999998
1567,8100.6799999999985
1568,7977.401600000003
1569,8043.5037
1570,8079.1296999999995
1571,8146.3646
1572,8294.479399999998
1573,8329.9955
1574,8337.5853
1575,8319.4088
1576,8560.417799999997
1577,8573.569400000002
1578,8573.984799999998
1579,8569.913400000001
1580,8764.9944
1581,8770.417599999997
1582,8744.225899999998
1583,8727.172499999999
1584,8881.1416
1585,8876.955400000003
1586,8848.2331
1587,8851.140300000003
1588,8416.365199999998
1589,8378.959299999999
1590,8332.785500000004
1591,8311.026100000001
1592,8003.683700000002
1593,7986.147499999997
1594,7982.246100000003
1595,7982.761100000001
1596,7872.2176999999965
1597,7910.040599999999
1598,7939.945000000003
1599,7979.692599999993
1600,7902.6138
1601,7964.152599999998
1602,7988.521399999999
1603,8042.231699999998
1604,8157.206875609754
1605,8205.944424390238
1606,8221.052173170732
1607,8221.87012195122
1608,8224.004663414633
1609,8207.79973658537
1610,8199.5889097561
1611,8207.613782926826
1612,8134.348287804879
1613,8081.294412195129
1614,8061.438736585368
1615,8045.193060975608
1616,8142.484775609757
1617,8135.052524390248
1618,8095.582573170732
1619,8069.647621951221
1620,8093.416868627444
1621,8002.669452941178
1622,7876.026937254897
1623,7768.923021568628
1624,7585.5036000000055
1625,7494.491199999998
1626,7400.045000000002
1627,7320.003200000002
1628,7294.471799999994
1629,7210.201899999997
1630,7164.627600000002
1631,7115.604399999998
1632,7071.352400000003
1633,7027.5145999999995
1634,7017.4418
1635,6969.263200000002
1636,6993.606499999999
1637,7006.942499999997
1638,6979.822100000002
1639,6988.031800000002
1640,6931.062700000001
1641,6939.627000000003
1642,6929.138899999998
1643,6932.194600000003
1644,7084.639300000004
1645,7212.718400000001
1646,7283.4101
1647,7350.6077000000005
1648,7437.493299999997
1649,7637.477200000006
1650,7785.556299999999
1651,7927.6337
1652,8109.188300000002
1653,8312.452899999998
1654,8461.783299999996
1655,8615.862199999998
1656,9078.8079
1657,9263.664500000003
1658,9396.725400000003
1659,9497.0268
1660,9595.893399999995
1661,9673.7053
1662,9743.035800000001
1663,9826.281500000005
1664,10158.2528
1665,10196.178300000009
1666,10233.418800000003
1667,10278.278399999997
1668,10500.085600000002
1669,10520.691
1670,10534.7005
1671,10557.162099999994
1672,10834.004099999995
1673,10793.590800000004
1674,10765.579900000004
1675,10803.7081
1676,10972.389000000003
1677,10920.436500000009
1678,10914.6882
1679,10880.376199999999
1680,10855.212799999996
1681,10797.167699999998
1682,10754.107700000004
1683,10717.198999999997
1684,10768.087800000001
1685,10704.159600000003
1686,10634.428800000002
1687,10629.174100000006
1688,10515.501700000004
1689,10506.585299999995
1690,10471.068999999994
1691,10438.502100000003
1692,10284.7229
1693,10278.394600000005
1694,10265.019299999993
1695,10252.879099999993
1696,9979.161299999998
1697,9941.477799999995
1698,9913.113400000002
1699,9906.881000000003
1700,9969.168600000005
1701,9907.071999999996
1702,9849.326400000002
1703,9809.6007
1704,9950.513599999998
1705,9881.0308
1706,9803.231699999997
1707,9716.244799999999
1708,9564.542699999998
1709,9463.8041
1710,9362.121500000003
1711,9267.900899999999
1712,9458.6626
1713,9413.951400000005
1714,9333.223299999998
1715,9274.254799999999
1716,8993.455499999995
1717,8898.3916
1718,8770.162100000005
1719,8695.84
1720,8486.631900000002
1721,8389.6974
1722,8297.8929
1723,8209.198499999997
1724,7859.231100000004
1725,7833.7085
1726,7757.295800000002
1727,7695.588999999996
1728,7635.4547999999995
1729,7588.397100000001
1730,7545.273199999996
1731,7504.308000000003
1732,7546.448597560972
1733,7518.358846341464
1734,7529.841995121953
1735,7511.835043902437
1736,7527.533600000003
1737,7574.7359
1738,7587.314299999997
1739,7621.875200000006
1740,7628.380492156861
1741,7759.8110647058775
1742,7818.209837254907
1743,7898.139609803923
1744,8227.219900000002
1745,8472.877200000003
1746,8647.510199999993
1747,8837.981699999998
1748,8666.067400000004
1749,8880.457299999998
1750,9029.316900000002
1751,9184.3251
1752,9554.404999999995
1753,9721.992100000001
1754,9840.086499999998
1755,9987.009900000001
1756,9927.575099999995
1757,9992.501500000002
1758,10035.383299999998
1759,10115.745300000004
1760,10103.233199999995
1761,10055.426900000006
1762,10132.479500000005
1763,10204.5299
1764,10445.025499999998
1765,10423.411799999994
1766,10424.751699999999
1767,10424.438600000003
1768,10683.746099999995
1769,10628.1319
1770,10582.814299999996
1771,10594.993699999997
1772,10670.034599999997
1773,10588.621199999996
1774,10540.848899999997
1775,10535.548299999997
1776,10365.267300000005
1777,10369.664600000006
1778,10317.4076
1779,10263.577200000002
1780,10462.470699999994
1781,10416.339500000002
1782,10378.263300000002
1783,10360.325800000002
1784,10371.301000000005
1785,10344.2012
1786,10293.738599999997
1787,10273.131399999998
1788,10092.344100000002
1789,10103.659800000009
1790,10101.684500000008
1791,10139.37800000001
1792,9886.763400000002
1793,9915.771299999995
1794,9906.004500000005
1795,9932.107199999997
1796,10001.310400000002
1797,9960.4303
1798,9915.2571
1799,9873.2657
1800,9657.011199999999
1801,9585.922700000003
1802,9516.551999999998
1803,9475.3427
1804,9439.451399999996
1805,9371.422200000003
1806,9326.670999999997
1807,9266.821499999998
1808,9256.195499999998
1809,9232.231799999998
1810,9158.572799999998
1811,9101.129299999999
1812,8988.557300000006
1813,8925.730800000001
1814,8807.931799999998
1815,8707.8252
1816,8389.586299999997
1817,8239.361599999995
1818,8119.652699999998
1819,8038.154900000005
1820,7948.516500000007
1821,7882.924999999997
1822,7810.505299999998
1823,7739.029000000001
1824,7635.950999999998
1825,7582.586600000002
1826,7531.280399999996
1827,7499.2968
1828,7520.214899999999
1829,7495.300699999997
1830,7483.211099999997
1831,7471.965399999995
1832,7431.278000000002
1833,7463.568800000001
1834,7464.959199999999
1835,7478.918700000001
1836,7461.490799999999
1837,7551.153700000003
1838,7581.471800000002
1839,7635.347899999998
1840,7983.452200000001
1841,8239.1977
1842,8416.439400000001
1843,8580.3169
1844,8539.160600000005
1845,8779.242300000002
1846,8944.6239
1847,9127.564300000004
1848,9235.621599999999
1849,9393.2003
1850,9512.792699999998
1851,9622.069699999998
1852,9606.117199999999
1853,9694.921600000001
1854,9765.547100000003
1855,9832.7979
1856,9878.759199999993
1857,9879.417699999998
1858,9897.299000000005
1859,9959.349199999999
1860,10181.347999999998
1861,10137.153900000005
1862,10136.439099999998
1863,10186.552699999998
1864,10190.045400000006
1865,10147.100900000001
1866,10090.201999999997
1867,10106.196600000001
1868,10098.3968
1869,10071.112600000002
1870,10010.829600000005
1871,9985.654399999998
1872,10151.360099999996
1873,10076.678800000002
1874,10021.0381
1875,9999.7233
1876,9828.172200000003
1877,9811.3576
1878,9780.137599999998
1879,9766.130700000002
1880,9981.7303
1881,9984.525199999998
1882,9972.0255
1883,9962.9486
1884,9750.570700000002
1885,9747.192700000003
1886,9753.179800000002
1887,9795.955099999994
1888,9651.335799999999
1889,9641.379899999996
1890,9639.3305
1891,9655.0441
1892,9393.576100000002
1893,9392.946200000002
1894,9310.426300000003
1895,9292.989000000003
1896,9039.581900000003
1897,9006.544
1898,8973.471900000002
1899,8904.1351
1900,8715.518
1901,8674.2215
1902,8653.777600000005
1903,8641.7477
1904,8796.223699999999
1905,8788.6523
1906,8747.2771
1907,8697.374600000001
1908,8668.310500000003
1909,8537.756
1910,8399.9468
1911,8288.800400000002
1912,8067.017600000003
1913,7944.3533
1914,7831.152099999999
1915,7738.461799999999
1916,7623.2044000000005
1917,7575.2577
1918,7523.718099999998
1919,7448.8899999999985
1920,7355.706500000001
1921,7314.540799999997
1922,7278.5938
1923,7258.0703
1924,7241.547000000002
1925,7219.9306000000015
1926,7204.205399999998
1927,7192.951000000001
1928,7200.3429000000015
1929,7209.631299999999
1930,7212.936899999998
1931,7222.698
1932,7140.267999999999
1933,7178.697199999999
1934,7218.8115
1935,7266.885300000002
1936,7085.937999999998
1937,7148.0625
1938,7202.016199999999
1939,7265.1749999999965
1940,7341.6127000000015
1941,7449.425299999999
1942,7543.465699999995
1943,7635.099299999996
1944,7781.121196078431
1945,7899.377582352941
1946,7982.48906862745
1947,8108.7090549019595
1948,8247.218499999997
1949,8364.741299999998
1950,8433.886700000001
1951,8484.485999999999
1952,8620.024700000002
1953,8627.9777
1954,8713.743000000002
1955,8786.286499999998
1956,8763.5061
1957,8764.564233333333
1958,8731.104566666661
1959,8760.218700000001
1960,8961.923100000002
1961,8973.2274
1962,9006.0486
1963,9026.3781
1964,8603.0551
1965,8543.673200000003
1966,8499.564799999998
1967,8462.150699999998
1968,8608.512800000002
1969,8588.0052
1970,8552.291600000002
1971,8530.4509
1972,8354.323400000005
1973,8350.181
1974,8329.098200000002
1975,8309.102400000002
1976,8380.851300000004
1977,8364.584799999997
1978,8354.711099999997
1979,8330.828199999996
1980,8297.496185365855
1981,8310.880909756097
1982,8309.833334146342
1983,8292.950958536585
1984,8371.743699999999
1985,8359.465400000001
1986,8355.115300000003
1987,8358.616700000002
1988,8519.110300000002
1989,8540.907599999999
1990,8538.854400000004
1991,8529.252099999998
1992,8470.55450588235
1993,8427.989001960785
1994,8370.611198039214
1995,8332.828494117646
1996,8284.4865
1997,8269.9392
1998,8243.568599999997
1999,8200.657699999996
2000,8400.550821568626
2001,8380.60531764706
2002,8334.312313725492
2003,8281.785309803925
2004,8148.9376
2005,8055.076896078432
2006,7938.949992156866
2007,7808.627588235294
2008,7819.598635294121
2009,7738.2683215686275
2010,7635.173507843133
2011,7552.519994117649
2012,7419.008899999997
2013,7357.044199999999
2014,7284.532599999999
2015,7223.9101
2016,7149.420499999999
2017,7081.838899999999
2018,7060.731199999998
2019,7020.862300000004
2020,6976.439599999999
2021,6978.3977
2022,6941.382700000003
2023,6934.238600000001
2024,7106.274199999999
2025,7120.320799999998
2026,7137.548900000002
2027,7161.781400000002
2028,7247.295600000001
2029,7408.6363
2030,7511.222499999998
2031,7618.971400000006
2032,7425.825799999997
2033,7565.559
2034,7685.294299999997
2035,7803.6185
2036,7685.758992156861
2037,7766.753064705883
2038,7832.964737254898
2039,7906.26240980392
2040,8358.223800000002
2041,8471.215699999999
2042,8580.364699999998
2043,8669.181699999994
2044,8668.886580487802
2045,8753.284404878048
2046,8803.79982926829
2047,8878.936853658537
2048,8786.835299999999
2049,8800.168866666667
2050,8835.633633333335
2051,8857.012099999998
2052,9164.396827450979
2053,9221.506423529418
2054,9239.21181960784
2055,9243.925315686272
2056,9379.597211764702
2057,9350.683607843133
2058,9307.832203921565
2059,9302.204499999996
2060,9008.8351
2061,8950.334600000002
2062,8914.7343
2063,8882.2028
2064,9017.4773
2065,8971.117899999996
2066,8930.597500000002
2067,8902.3163
2068,8841.654799999995
2069,8825.529500000002
2070,8803.959
2071,8805.432900000005
2072,8560.024605882356
2073,8575.872101960786
2074,8549.988098039214
2075,8548.366094117646
2076,8662.498205882353
2077,8696.819601960784
2078,8701.122098039215
2079,8723.497794117651
2080,8850.323199999997
2081,8879.482200000004
2082,8896.838399999999
2083,8884.012999999997
2084,8715.800500000001
2085,8697.810599999995
2086,8685.551400000002
2087,8657.211599999999
2088,8607.007111764708
2089,8576.664203921568
2090,8522.67809607843
2091,8507.039788235297
2092,8430.0043
2093,8417.764400000002
2094,8379.197199999995
2095,8357.741000000002
2096,8525.7961
2097,8517.020300000002
2098,8460.8137
2099,8408.121599999999
2100,8065.743768627453
2101,7973.470060784316
2102,7842.260252941174
2103,7752.642645098041
2104,7658.008299999998
2105,7604.604700000002
2106,7533.165799999996
2107,7453.865900000002
2108,7512.632597560978
2109,7435.356921951219
2110,7344.8768463414635
2111,7314.5404707317075
2112,7309.555099999998
2113,7280.225699999997
2114,7237.1452
2115,7226.714199999997
2116,7202.5938000000015
2117,7162.119799999994
2118,7150.811099999999
2119,7138.653899999996
2120,7149.715900000003
2121,7174.262400000001
2122,7173.770399999999
2123,7189.621000000002
2124,7099.471800000004
2125,7146.636500000001
2126,7192.993200000003
2127,7243.356599999999
2128,7095.578300000001
2129,7158.0586
2130,7214.848500000002
2131,7245.807799999998
2132,7347.2921
2133,7457.2249
2134,7547.441599999998
2135,7629.051699999997
2136,7783.845800000002
2137,7889.957700000002
2138,7969.012199999998
2139,8054.6606999999985
2140,8207.588499999998
2141,8344.707300000002
2142,8435.610100000004
2143,8508.775400000002
2144,8699.671900000001
2145,8776.740533333337
2146,8826.72586666667
2147,8898.315699999997
2148,8964.8583
2149,8985.040599999997
2150,8999.768100000003
2151,9037.290000000003
2152,9050.948499999997
2153,9052.983699999999
2154,9048.624900000003
2155,9028.071000000002
2156,8864.609599999998
2157,8814.419100000001
2158,8754.6923
2159,8690.168200000002
2160,9000.9779
2161,8941.613800000003
2162,8881.877600000002
2163,8832.738700000007
2164,8778.084900000005
2165,8751.628300000006
2166,8720.350999999997
2167,8702.196500000002
2168,8268.936500000003
2169,8270.448199999995
2170,8278.282099999995
2171,8243.878399999998
2172,8309.110200000001
2173,8330.6895
2174,8360.635099999998
2175,8352.0795
2176,8572.951500000001
2177,8628.3954
2178,8606.1639
2179,8634.252100000002
2180,8486.56842745098
2181,8434.887619607838
2182,8369.680211764708
2183,8330.09590392157
2184,8495.300799999999
2185,8441.345499999998
2186,8399.415099999997
2187,8370.156000000003
2188,8298.926400000004
2189,8287.075799999999
2190,8265.609199999995
2191,8219.9966
2192,8273.512500000004
2193,8249.267500000002
2194,8219.211799999997
2195,8151.059600000002
2196,7924.5521000000035
2197,7823.82878627451
2198,7696.245072549018
2199,7620.554058823526
2200,7598.734300000002
2201,7512.3
2202,7435.598700000002
2203,7363.471400000002
2204,7242.7055
2205,7156.782299999995
2206,7122.389899999997
2207,7075.0539
2208,7077.286000000002
2209,7023.873100000001
2210,7012.4504000000015
2211,6957.866300000002
2212,6933.714999999999
2213,6931.532099999996
2214,6902.998200000003
2215,6906.676999999999
2216,6819.6083
2217,6841.255800000001
2218,6850.888200000002
2219,6847.0926
2220,6786.826899999997
2221,6832.210900000001
2222,6835.435899999999
2223,6864.897899999997
2224,6815.569999999996
2225,6901.744599999998
2226,6941.093899999994
2227,6995.193300000002
2228,6965.045699999996
2229,7067.422699999998
2230,7143.3453
2231,7213.900900000004
2232,7181.209
2233,7304.843500000001
2234,7397.6231
2235,7508.889000000001
2236,7460.057199999999
2237,7553.789700000001
2238,7651.4133999999995
2239,7738.478900000004
2240,7640.077796078432
2241,7748.352582352935
2242,7778.992868627455
2243,7835.942154901964
2244,7952.780470588239
2245,8011.538656862743
2246,8026.875443137264
2247,8076.055829411767
2248,8188.900199999996
2249,8163.3839000000025
2250,8126.564699999997
2251,8073.898900000001
2252,8350.293570731705
2253,8338.752419512197
2254,8319.214068292682
2255,8288.825917073169
2256,8190.375599999999
2257,8173.3505000000005
2258,8150.469999999998
2259,8111.3729
2260,7962.657800000002
2261,7926.4837000000025
2262,7888.684999999999
2263,7888.9894
2264,7676.2366999999995
2265,7714.4939
2266,7739.812899999997
2267,7735.774900000001
2268,7648.315699999999
2269,7682.3247
2270,7697.561699999995
2271,7714.7903999999935
2272,7796.481399999999
2273,7886.857300000002
2274,7941.798400000004
2275,7989.774499999995
2276,8187.996414634145
2277,8223.502485365854
2278,8227.67895609756
2279,8235.847526829268
2280,8117.740663414634
2281,8093.805436585369
2282,8059.416709756095
2283,8042.336282926828
2284,8206.623899999997
2285,8224.393
2286,8240.2311
2287,8228.1551
2288,8275.569137254903
2289,8260.615833333335
2290,8228.544329411765
2291,8183.689525490193
2292,7753.082295121953
2293,7677.442119512199
2294,7572.626943902436
2295,7480.662768292683
2296,7279.689
2297,7206.286299999998
2298,7140.445900000001
2299,7069.896000000003
2300,6986.433399999997
2301,6961.459399999997
2302,6933.338200000003
2303,6920.722200000001
2304,6792.491600000003
2305,6776.694600000001
2306,6738.5346
2307,6730.089499999999
2308,6758.597099999998
2309,6766.250700000001
2310,6775.608599999998
2311,6771.482399999999
2312,6724.187100000002
2313,6755.423100000003
2314,6774.593799999998
2315,6812.841499999997
2316,6917.054700000001
2317,7007.1407999999965
2318,7069.300700000001
2319,7147.390699999997
2320,7633.178799999994
2321,7840.168000000001
2322,7994.033900000004
2323,8160.0409
2324,8265.353099999998
2325,8459.524099999995
2326,8611.455800000002
2327,8777.587299999997
2328,8843.09227804878
2329,8948.729502439022
2330,9025.065126829271
2331,9107.983051219519
2332,9325.859000000002
2333,9364.711300000003
2334,9424.819399999998
2335,9493.640199999998
2336,9763.1347
2337,9837.437800000003
2338,9883.866600000005
2339,9931.864100000004
2340,10111.598499999993
2341,10113.1971
2342,10117.696800000002
2343,10149.848499999998
2344,10447.372899999997
2345,10425.353100000002
2346,10401.716199999993
2347,10385.625900000001
2348,10334.7397
2349,10257.950899999998
2350,10203.262000000002
2351,10181.956600000003
2352,10125.873299999997
2353,10095.587800000003
2354,10048.8399
2355,10027.1351
2356,9730.3461
2357,9737.972100000006
2358,9719.106199999997
2359,9724.327799999995
2360,9342.891100000006
2361,9370.643599999996
2362,9352.801800000001
2363,9366.383399999999
2364,9201.612100000004
2365,9264.458999999999
2366,9261.1464
2367,9293.765099999995
2368,9380.280800000006
2369,9376.146200000008
2370,9375.3317
2371,9372.984199999999
2372,9555.492899999997
2373,9560.151500000002
2374,9500.673699999998
2375,9468.918899999997
2376,9162.307400000005
2377,9109.4843
2378,9036.8541
2379,8987.823699999995
2380,9067.910799999998
2381,9010.495
2382,8940.729899999998
2383,8883.587599999997
2384,9045.479500000005
2385,9014.955699999999
2386,8964.5006
2387,8910.7066
2388,8552.4667
2389,8448.847499999998
2390,8337.772900000004
2391,8237.049899999998
2392,8091.9669
2393,7990.610200000003
2394,7880.064099999997
2395,7782.995199999999
2396,7754.701200000001
2397,7696.599699999994
2398,7583.5744
2399,7527.971199999999
2400,7629.564097560977
2401,7534.8215707317
2402,7501.661143902443
2403,7468.600817073171
2404,7369.4501999999975
2405,7360.013300000002
2406,7352.732800000005
2407,7356.3189999999995
2408,7336.819200000003
2409,7337.8164000000015
2410,7339.324399999996
2411,7364.712199999998
2412,7531.980899999998
2413,7696.484600000001
2414,7809.7299
2415,7918.541999999998
2416,7883.169700000003
2417,8099.461700000002
2418,8263.363000000005
2419,8412.979
2420,8556.841
2421,8784.333200000003
2422,8963.020299999998
2423,9133.447100000001
2424,9241.9245
2425,9378.123600000003
2426,9476.187600000001
2427,9573.211
2428,9635.488300000003
2429,9730.052599999997
2430,9794.6051
2431,9874.259599999998
2432,9854.269599999998
2433,9873.7105
2434,9893.800699999998
2435,9934.492500000002
2436,10241.2283
2437,10239.0363
2438,10239.852199999996
2439,10273.262600000002
2440,10351.2317
2441,10276.4833
2442,10221.425800000003
2443,10203.138899999996
2444,10120.544899999999
2445,10073.650800000005
2446,10000.169099999997
2447,9974.061399999997
2448,9783.445299999998
2449,9788.179200000002
2450,9785.006
2451,9811.8819
2452,9627.249599999996
2453,9620.195799999998
2454,9576.295600000001
2455,9535.963000000002
2456,9575.029300000002
2457,9605.352000000003
2458,9595.7903
2459,9609.3092
2460,9603.609199999994
2461,9643.568199999998
2462,9661.356099999997
2463,9708.725100000003
2464,9765.432299999993
2465,9760.024500000001
2466,9758.258900000008
2467,9760.529999999997
2468,9790.193999999998
2469,9754.326599999995
2470,9691.468100000004
2471,9646.482
2472,9636.952899999998
2473,9587.3898
2474,9510.228000000001
2475,9452.080500000004
2476,9322.416799999999
2477,9234.614800000003
2478,9155.614099999999
2479,9099.6653
2480,9063.656299999997
2481,9028.725600000002
2482,8973.894099999996
2483,8912.6295
2484,8534.222399999997
2485,8468.1083
2486,8400.534799999998
2487,8323.216099999998
2488,7866.900600000006
2489,7798.577999999998
2490,7749.767699999997
2491,7697.532999999999
2492,7661.747700000002
2493,7588.06222439024
2494,7544.217548780488
2495,7502.724973170736
2496,7354.789099999998
2497,7307.086400000001
2498,7237.002800000001
2499,7205.737799999998
2500,7243.225699999998
2501,7215.718600000001
2502,7216.8769999999995
2503,7207.731499999999
2504,7281.271499999998
2505,7298.344599999996
2506,7294.275000000002
2507,7322.216499999997
2508,7568.777899999995
2509,7772.863100000003
2510,7919.580000000001
2511,8067.350800000001
2512,8014.529699999998
2513,8254.03
2514,8448.1654
2515,8623.018799999998
2516,8618.705665853662
2517,8847.812014634148
2518,9006.142163414632
2519,9145.790712195118
2520,9470.123499999996
2521,9662.764900000002
2522,9808.803600000001
2523,9943.4348
2524,9859.775600000004
2525,9882.995199999998
2526,9925.9807
2527,9993.3396
2528,10166.827700000002
2529,10132.806300000007
2530,10183.946099999997
2531,10239.537199999997
2532,10249.894100000003
2533,10200.974699999999
2534,10194.063300000003
2535,10193.15
2536,10391.494799999999
2537,10307.907299999999
2538,10242.242200000002
2539,10217.144700000006
2540,10022.4666
2541,9985.765600000006
2542,9950.5534
2543,9903.244900000005
2544,9913.013899999996
2545,9895.4545
2546,9846.846700000002
2547,9828.7975
2548,9878.908500000001
2549,9849.367
2550,9835.071899999994
2551,9820.0856
2552,9699.5222
2553,9670.338
2554,9642.703900000002
2555,9649.585
2556,9622.820199999993
2557,9640.252100000002
2558,9666.8094
2559,9689.539400000003
2560,9735.956300000002
2561,9709.447600000007
2562,9694.844600000006
2563,9694.2686
2564,9670.877499999999
2565,9631.0677
2566,9553.3819
2567,9502.597700000002
2568,9581.967099999998
2569,9547.602499999994
2570,9462.509199999999
2571,9431.429599999998
2572,9173.387799999999
2573,9136.984700000003
2574,9078.966699999995
2575,9018.763700000005
2576,9045.749300000003
2577,9024.949900000001
2578,8971.722299999998
2579,8909.4806
2580,8765.893100000001
2581,8648.488999999998
2582,8532.4891
2583,8435.443699999996
2584,8181.556300000006
2585,8084.655400000001
2586,7984.968800000003
2587,7896.660499999999
2588,7814.510900000007
2589,7765.667299999997
2590,7684.7654999999995
2591,7624.214400000001
2592,7545.9492
2593,7482.1082
2594,7423.033800000001
2595,7391.412200000003
2596,7244.918200000001
2597,7237.690499999997
2598,7203.4834999999985
2599,7208.137700000001
2600,7209.706000000003
2601,7230.203000000001
2602,7235.8752
2603,7245.771600000003
2604,7220.974899999997
2605,7287.922400000001
2606,7321.6339000000025
2607,7373.781999999998
2608,7679.545800000002
2609,7898.5057
2610,8055.895200000003
2611,8212.6154
2612,8627.8367
2613,8864.275399999999
2614,9031.413099999992
2615,9190.301499999998
2616,9434.187199999998
2617,9621.4835
2618,9722.450499999995
2619,9846.811599999999
2620,9854.763200000003
2621,9877.056299999998
2622,9928.608799999998
2623,9980.349199999997
2624,10271.821900000003
2625,10285.757200000002
2626,10299.888300000002
2627,10368.363200000002
2628,10140.904700000003
2629,10140.922399999996
2630,10127.072200000004
2631,10150.999600000003
2632,10316.651399999997
2633,10228.049999999996
2634,10148.088200000006
2635,10128.302800000007
2636,10624.5507
2637,10562.916799999997
2638,10543.900799999998
2639,10535.545799999996
2640,10389.597000000003
2641,10342.6534
2642,10299.695500000002
2643,10268.401600000001
2644,9953.2183
2645,9970.912500000002
2646,9948.568999999998
2647,9952.125099999997
2648,9673.8763
2649,9672.454899999997
2650,9662.435299999996
2651,9692.653499999999
2652,9412.474300000003
2653,9423.211800000005
2654,9416.621699999994
2655,9470.902399999995
2656,9350.759500000002
2657,9371.955199999999
2658,9367.471700000002
2659,9383.0323
2660,9506.676799999997
2661,9507.483400000003
2662,9464.2171
2663,9424.947999999999
2664,9270.542199999998
2665,9197.350600000003
2666,9113.9408
2667,9052.320399999999
2668,9149.760800000004
2669,9082.512500000004
2670,9022.889299999993
2671,8939.694099999997
2672,9043.564300000004
2673,9019.753700000003
2674,8988.443900000002
2675,8939.547699999997
2676,8470.523299999999
2677,8344.270000000002
2678,8232.782700000003
2679,8146.399899999998
2680,7912.832799999999
2681,7842.160899999999
2682,7765.879000000002
2683,7682.4823
2684,7492.297100000001
2685,7435.9311
2686,7358.761100000001
2687,7306.4675
2688,7299.391100000001
2689,7253.855599999997
2690,7217.862199999996
2691,7208.3856
2692,7327.7168
2693,7313.826799999994
2694,7302.5673
2695,7293.0644999999995
2696,7286.919400000001
2697,7305.490300000004
2698,7312.068000000004
2699,7314.467799999999
2700,7406.020799999994
2701,7519.534499999998
2702,7582.5294
2703,7677.571999999997
2704,7896.7850000000035
2705,8127.081799999999
2706,8288.2981
2707,8445.860899999994
2708,8555.549299999997
2709,8767.618000000002
2710,8937.119899999998
2711,9102.5742
2712,9446.560899999999
2713,9624.450100000002
2714,9762.399400000002
2715,9899.069799999996
2716,9542.905499999999
2717,9589.7944
2718,9654.595099999999
2719,9693.432199999994
2720,10231.550900000002
2721,10208.914000000002
2722,10219.893199999997
2723,10265.097300000003
2724,10047.515300000001
2725,10063.7353
2726,10080.1463
2727,10054.2999
2728,9759.7991
2729,9752.4621
2730,9739.693299999997
2731,9747.3608
2732,9724.252500000004
2733,9706.1575
2734,9654.801699999996
2735,9635.703
2736,9920.539499999999
2737,9876.141699999998
2738,9814.644300000002
2739,9767.051099999993
2740,10009.385299999998
2741,9964.8257
2742,9903.5312
2743,9865.2631
2744,9745.6875
2745,9736.368900000001
2746,9707.3063
2747,9709.021000000002
2748,9974.904100000007
2749,9958.949699999994
2750,9966.5467
2751,9987.474699999997
2752,9840.169600000001
2753,9855.7115
2754,9846.954200000002
2755,9873.1831
2756,9725.6863
2757,9674.550500000005
2758,9610.424500000005
2759,9577.769299999996
2760,9344.881199999998
2761,9311.512700000007
2762,9255.134299999996
2763,9218.021000000002
2764,9213.243699999995
2765,9179.110100000004
2766,9116.990699999995
2767,9053.803499999998
2768,8967.854800000001
2769,8937.648600000004
2770,8902.402600000001
2771,8850.526100000001
2772,8472.467599999998
2773,8345.4202
2774,8223.500499999998
2775,8145.844099999998
2776,7902.379299999997
2777,7827.857800000001
2778,7761.835599999999
2779,7680.752500000002
2780,7456.817899999997
2781,7391.725699999997
2782,7313.947299999995
2783,7283.707799999999
2784,7185.042500000001
2785,7130.200100000003
2786,7100.924899999997
2787,7074.444399999999
2788,7166.218600000001
2789,7173.750200000001
2790,7147.287800000002
2791,7143.285
2792,7052.502099999997
2793,7088.425499999999
2794,7118.843499999997
2795,7124.873900000002
2796,7135.7982999999995
2797,7210.301800000002
2798,7244.9044
2799,7296.3714
2800,7163.922300000002
2801,7255.044999999997
2802,7304.949599999998
2803,7358.867599999998
2804,7431.683500000003
2805,7541.355800000002
2806,7652.8138999999965
2807,7751.821800000001
2808,7634.683199999997
2809,7765.6888
2810,7845.697900000003
2811,7960.714200000003
2812,8026.610900000001
2813,8146.859000000002
2814,8209.322200000002
2815,8283.315299999995
2816,8303.442499999997
2817,8344.203499999998
2818,8382.3207
2819,8429.219499999997
2820,8490.380821568631
2821,8486.231917647057
2822,8456.65951372549
2823,8434.800309803923
2824,8683.483299999998
2825,8677.0785
2826,8634.801399999998
2827,8651.686699999997
2828,9314.121100000002
2829,9333.105300000003
2830,9328.5846
2831,9369.8754
2832,9154.373099999995
2833,9120.6961
2834,9106.098100000001
2835,9108.318099999997
2836,8728.977199999994
2837,8699.7265
2838,8666.552400000004
2839,8604.533799999997
2840,8206.044699999999
2841,8199.577899999997
2842,8208.808799999999
2843,8236.0466
2844,8209.198000000004
2845,8280.5901
2846,8313.453700000002
2847,8328.742900000001
2848,8318.462700000002
2849,8338.7978
2850,8342.367499999998
2851,8331.541699999994
2852,8809.230399999999
2853,8838.324599999998
2854,8819.137899999998
2855,8828.883999999996
2856,8751.9485
2857,8715.091999999999
2858,8688.462500000001
2859,8626.773799999994
2860,8648.781700000001
2861,8597.246600000004
2862,8557.826599999999
2863,8514.6084
2864,8413.266421568625
2865,8370.755217647058
2866,8318.54511372549
2867,8299.213909803924
2868,7985.4719000000005
2869,7919.3524823529415
2870,7803.30476470588
2871,7709.232747058821
2872,7692.566099999999
2873,7647.387699999999
2874,7571.777000000003
2875,7505.175200000003
2876,7619.438190243905
2877,7580.974939024392
2878,7499.299887804877
2879,7438.085536585369
2880,7322.008400000001
2881,7257.394399999998
2882,7204.501399999999
2883,7175.2530000000015
2884,6807.804299999996
2885,6789.989899999997
2886,6760.423599999997
2887,6743.703200000002
2888,6453.687700000002
2889,6506.285199999999
2890,6516.472000000002
2891,6521.604800000002
2892,6753.285899999997
2893,6808.2545999999975
2894,6837.7336
2895,6876.2304
2896,6894.3633
2897,6972.155500000003
2898,7029.304599999998
2899,7102.777100000001
2900,7006.859299999999
2901,7116.430799999994
2902,7196.7446999999975
2903,7258.736500000004
2904,7318.250000000001
2905,7427.568400000005
2906,7482.8754000000035
2907,7573.846200000003
2908,7679.298682352943
2909,7766.01145490196
2910,7820.502927450983
2911,7884.363800000005
2912,8413.493100000003
2913,8503.538899999998
2914,8551.7583
2915,8620.8484
2916,8423.491500000006
2917,8431.7756
2918,8424.149500000001
2919,8409.672
2920,8649.510400000001
2921,8599.5374
2922,8592.489800000003
2923,8605.3712
2924,8393.3751
2925,8350.3818
2926,8295.3935
2927,8282.8377
2928,8281.9672
2929,8263.8571
2930,8215.490199999995
2931,8171.856599999998
2932,8530.899700000004
2933,8578.6414
2934,8586.479
2935,8593.378899999996
2936,8101.6537999999955
2937,8097.3273
2938,8114.124099999999
2939,8133.129299999998
2940,7761.017400000003
2941,7825.289899999999
2942,7882.000900000006
2943,7885.127499999998
2944,8306.251299999998
2945,8406.703
2946,8460.0928
2947,8457.213599999994
2948,8639.721000000003
2949,8660.128300000004
2950,8654.4022
2951,8651.539900000002
2952,8404.763399999996
2953,8348.345399999998
2954,8275.5924
2955,8241.376499999998
2956,8509.9054
2957,8463.082599999994
2958,8410.446799999994
2959,8376.630100000002
2960,8325.122400000004
2961,8297.843199999998
2962,8265.790500000005
2963,8225.349499999997
2964,7866.6846
2965,7764.621872549024
2966,7647.771445098038
2967,7558.59361764706
2968,7570.792600000002
2969,7493.6274
2970,7446.337999999997
2971,7393.404000000001
2972,7363.640999999999
2973,7293.5567999999985
2974,7231.239700000002
2975,7178.478699999999
